,SMILE_mol,properties_prediction_logP_qed_SAS,ground_truth
0,"C=CCCc1cccccccccNcc=cCCCCCCCcccccccccc1



(2CC2Nc/2cN)C([CC(2CC2N[/2([/C([NCC2CC2)[/2([/[2[NCC2)CC",[ 7.46887   -0.1019756  3.804167 ],"(9.844999999999995, 0.32285403675857255, 4.5049052993891605)"
1,"CCCCCc1cccccccccNccccCCCCCCCCCcccccccc1



(2CC2NcC2)[)2([CCC2CC2)[/2([)C([CCC2CC2)[/2([)C2[NCC2CC2)[/2([-C2[NCC))C",[ 7.573331   -0.04048108  4.070866  ],"(11.084199999999987, 0.38074562151368907, 3.9933015540005936)"
2,"C=CCCc1cccccccccNcc=cCCCCCCCcccccccccc1



(2CC2Nc/2cN)C([CC(2CC2N[/2([/C([NCC2CC2)[/2([/[2[NC",[ 7.6249485  -0.08824084  3.8406274 ],"(9.844999999999995, 0.32285403675857255, 4.5049052993891605)"
3,C=CCCc1cccccccccNcc=cCCCCCCCcccccccccc1,[6.7942266  0.33275938 1.8536489 ],"(9.844999999999995, 0.32285403675857255, 4.5049052993891605)"
4,"C=CCCc1cccccccccNccccCCCCCCCcccccccccc1



(2]CC=[/2([NC2[NCC22CC2[/C[[NC2(NCC2)CC2[()[((CCCCCC2)[C2[[)C",[ 7.896863   -0.10258613  3.6951196 ],"(10.246099999999993, 0.39692973807000403, 4.231812588721986)"
5,"CCCCCc1cccccccccNcc=cCCCCCCCcccccccccc1



(2]CC=cC2([NC2[NC2=2CC2)/C2[NC2=NCC2o",[7.7597528  0.10377864 3.5693269 ],"(10.459099999999992, 0.31086314808139576, 4.346667081892367)"
6,"C=CCCc1cccccccccNcc=cCCCCCcccccccccccc1



(=HC2=c/2([/C2[NC2=oC2N[/2([/C2[NCC=oCCs[/)2[NC2(2CC2oCC2)()2(NC",[ 6.8605633  -0.05760688  3.7231667 ],"(9.620999999999997, 0.32433833791782335, 4.604304707673183)"
7,"C=CCCc1cccccccccNccccCCCCCCCcccccccccc1



(2]CC=[/2([NC2[NCC22CC2[/C[[NC2(NCC2)CC2[()[((CCCCCC2)[C2[",[ 7.6113386  -0.08355012  3.6625361 ],"(10.246099999999993, 0.39692973807000403, 4.231812588721986)"
8,"CCCCCc1cccccccccNcc=cCCCCCCCcccccccccc1



(2]CC=cC2([NC2[N",[7.2906804 0.2177513 2.710036 ],"(10.459099999999992, 0.31086314808139576, 4.346667081892367)"
9,"C=CCCc1cccccccccNcc=cCCCCCCCcccccccccc1



(2CC2Nc/2cN)C([CC(2CC2N[/2([/C([NCC2CC2)[/2([/[2[NCC2)CC)[/)[[(C22C",[ 7.174962   -0.04669481  3.9124205 ],"(9.844999999999995, 0.32285403675857255, 4.5049052993891605)"
10,C=C,[1.31612    0.36097285 3.3124876 ],"(0.8022, 0.34449676855385364, 4.08999868818016)"
11,"C=CCCc1cccccccccNccccCCCCCCCcccccccccc1



(2]CC=[/2([NC2[",[7.386759   0.14755103 2.7462351 ],"(10.246099999999993, 0.39692973807000403, 4.231812588721986)"
12,"C=CCCc1cccccccccNcc=cCCCCCcccccccccccc1



(=HC2=c/2([/C2[NC2=oC2N[/2([/C2[NCC=oCCs[/)",[ 7.138542   -0.06579003  3.639271  ],"(9.620999999999997, 0.32433833791782335, 4.604304707673183)"
13,"CCCCCc1cccccccccNccccCCCCCCCCCcccccccc1



(2CC2NcC2)[)2([CC",[7.6817226  0.18455327 3.152059  ],"(11.084199999999987, 0.38074562151368907, 3.9933015540005936)"
14,"C=CCCc1cccccccccNcc=cCCCCCCCcccccccccc1



(2CC2Nc/2cN)C([CC(2C",[7.3732767 0.1591891 2.6811936],"(9.844999999999995, 0.32285403675857255, 4.5049052993891605)"
15,"CCCCCc1cccccccccNccccCCCCCCCCCcccccccc1



(2CC2NcC2)[)2([CCC2CC2)[/2([)C([CCC2CC2)[/2([)C2[NCC2CC2)[/2(",[ 7.780522   -0.04648945  4.050512  ],"(11.084199999999987, 0.38074562151368907, 3.9933015540005936)"
16,"CCCCCc1cccccccccNcc=cCCCCCCCcccccccccc1



(2]CC=cC2([NC2[NC2=2CC2)/C2[NC2=NCC2oCC2)[)2[[CC(2CC2)[Co)[)C([",[ 7.580168   -0.05347709  3.7410443 ],"(10.459099999999992, 0.31086314808139576, 4.346667081892367)"
17,"CCCCCc1cccccccccNcc=cCCCCCCCcccccccccc1



(2]CC=cC2([NC2[NC2=2CC2)/C2[NC2=NCC2oC",[7.7669306  0.10717873 3.5870976 ],"(10.459099999999992, 0.31086314808139576, 4.346667081892367)"
18,"CCCCCc1cccccccccNcc=cCCCCCCCcccccccccc1



(2]CC=cC2([NC2[NC2=2CC2)/C2[NC2=NCC2oCC2)[",[7.6029167  0.06243565 3.6719327 ],"(10.459099999999992, 0.31086314808139576, 4.346667081892367)"
19,"CCCCCc1cccccccccNccccCCCCCCCCCcccccccc1



(2CC2NcC2)[)2([CCC2CC2)[/2([)C([",[8.093965  0.0376559 3.7918017],"(11.084199999999987, 0.38074562151368907, 3.9933015540005936)"
20,"CCCCCc1cccccccccNcc=cCCCCCCCcccccccccc1



(2]CC=cC2([NC2[NC2=2CC2)/C2[NC2=NCC2oCC2)[)2[[CC(2CC2)[Co)[)C([-C2C2",[ 7.54618    -0.03334299  3.6565764 ],"(10.459099999999992, 0.31086314808139576, 4.346667081892367)"
21,"C=CCCc1cccccccccNcc=cCCCCCCCcccccccccc1



(2CC2Nc/2cN)C([CC(2CC2N[/2([/C([NCC2CC2)[/2([/[2[NCC2)C",[ 7.48545    -0.10523636  3.7966807 ],"(9.844999999999995, 0.32285403675857255, 4.5049052993891605)"
22,"C=CCCc1cccccccccNccccCCCCCCCcccccccccc1



(",[6.924614   0.33584258 1.8575193 ],"(10.246099999999993, 0.39692973807000403, 4.231812588721986)"
23,"C=CCCc1cccccccccNccccCCCCCCCcccccccccc1



(2]CC=[/2([",[7.38366    0.16039363 2.5560896 ],"(10.246099999999993, 0.39692973807000403, 4.231812588721986)"
24,"CCCCCc1cccccccccNccccCCCCCCCCCcccccccc1



(2CC2NcC2)[)2([CCC2CC2)[/2([",[7.9827332 0.0324988 3.6967754],"(11.084199999999987, 0.38074562151368907, 3.9933015540005936)"
25,"CCCCCc1cccccccccNcc=cCCCCCCCcccccccccc1



(2]CC=cC2([NC2[NC2=2CC2)/C2[NC2=NCC2oCC2)[)2[[CC(2CC2)",[ 7.3351555  -0.04084728  3.6872408 ],"(10.459099999999992, 0.31086314808139576, 4.346667081892367)"
26,"C=CCCc1cccccccccNcc=cCCCCCCCcccccccccc1



(2CC2Nc/2cN)C([CC(2CC2N[/2([/C([NCC2CC2)",[7.578536   0.07063868 3.618129  ],"(9.844999999999995, 0.32285403675857255, 4.5049052993891605)"
27,"C=CCCc1cccccccccNcc=cCCCCCCCcccccccccc1



(2CC2Nc/2cN)C([CC(2CC2N[/2(",[7.1220665  0.13370875 3.0519989 ],"(9.844999999999995, 0.32285403675857255, 4.5049052993891605)"
28,"CCCCCc1cccccccccNccccCCCCCCCCCcccccccc1



(2CC2NcC2)[)2([CCC2CC2)[/2([)C([CCC2CC2",[8.146838   0.01317254 4.042792  ],"(11.084199999999987, 0.38074562151368907, 3.9933015540005936)"
29,"CCCCCc1cccccccccNcc=cCCCCCCCcccccccccc1



(2]CC=cC2([NC2[NC2=2",[7.6080656  0.16692775 2.801044  ],"(10.459099999999992, 0.31086314808139576, 4.346667081892367)"
30,"CCCCCc1cccccccccNccccCCCCCCCCCcccccccc1



(2CC2NcC2",[7.33702    0.27420527 2.3878567 ],"(11.084199999999987, 0.38074562151368907, 3.9933015540005936)"
31,"C=CCCc1cccccccccNccccCCCCCCCcccccccccc1



(2]CC=[/2([NC2[NCC22CC2[/C[[NC2(NCC2)CC2[()[((CCCCC",[ 8.100085   -0.07891961  3.8588836 ],"(10.246099999999993, 0.39692973807000403, 4.231812588721986)"
32,"C=CCCc1cccccccccNcc=cCCCCCcccccccccccc1



(=HC2=c/2([/C2[NC2=oC2N[/2([/C2[NCC=oCCs[/)2[NC2(2CC2oCC2)()2(NC2(HNC2)[/2)[",[ 6.8159776 -0.0492534  3.7206213],"(9.620999999999997, 0.32433833791782335, 4.604304707673183)"
33,"C=CCCc1cccccccccNcc=cCCCCCCCcccccccccc1



(2CC2Nc/2cN)C([CC(2CC2N[/2([/C([NCC2CC2)[/2([/[2[",[ 7.677471   -0.04664619  3.887406  ],"(9.844999999999995, 0.32285403675857255, 4.5049052993891605)"
34,"CCCCCc1cccccccccNcc=cCCCCCCCcccccccccc1



(2]CC=cC2(",[7.5237956  0.20441648 2.3588302 ],"(10.459099999999992, 0.31086314808139576, 4.346667081892367)"
35,"C=CCCc1cccccccccNcc=cCCCCCCCcccccccccc1



(2CC2Nc/2cN)C([CC(2CC2N[/2([/C([NCC2CC2)[/2([/[2[NCC2)CC)[/",[ 7.301091   -0.06358358  3.759229  ],"(9.844999999999995, 0.32285403675857255, 4.5049052993891605)"
36,"CCCCCc1cccccccccNcc=cCCCCCCCcccccccccc1



(2]CC=cC2([NC2[NC2=2CC2)/C2[NC2=NCC2oCC2)[)2[[CC(2CC2)[Co)[)C([-C2C2CCN[/o(",[ 7.517321   -0.02173849  3.6542184 ],"(10.459099999999992, 0.31086314808139576, 4.346667081892367)"
37,"C=CCCc1cccccccccNccccCCCCCCCcccccccccc1



(2]CC",[7.3558216  0.25199276 2.1133924 ],"(10.246099999999993, 0.39692973807000403, 4.231812588721986)"
38,"C=CCCc1cccccccccNccccCCCCCCCcccccccccc1



(2]CC=[/2([NC2[NCC22CC2[/C[[NC2(NCC2)CC2[()[((CCCCCC2)[C2[[",[ 7.703355  -0.086763   3.6433594],"(10.246099999999993, 0.39692973807000403, 4.231812588721986)"
39,"CCCCCc1cccccccccNccccCCCCCCCCCcccccccc1



(2CC2NcC2)[)2([CCC",[7.751329   0.17174959 3.2033288 ],"(11.084199999999987, 0.38074562151368907, 3.9933015540005936)"
40,"CCCCCc1cccccccccNccccCCCCCCCCCcccccccc1



(2CC2NcC2)[)2([CCC2CC2)[/2([)C([CCC2CC2)[/2([)C2[NCC2CC2)[",[ 7.765459   -0.05613465  4.0468245 ],"(11.084199999999987, 0.38074562151368907, 3.9933015540005936)"
41,"C=CCCc1cccccccccNcc=cCCCCCCCcccccccccc1



(",[6.6702957  0.33542743 1.917635  ],"(9.844999999999995, 0.32285403675857255, 4.5049052993891605)"
42,"C=CCCc1cccccccccNccccCCCCCCCcccccccccc1



(2]CC=[/2([NC2[NCC22CC2[/C[",[ 7.8454142e+00 -9.6541643e-04  3.2369223e+00],"(10.246099999999993, 0.39692973807000403, 4.231812588721986)"
43,"CCCCCc1cccccccccNccccCCCCCCCCCcccccccc1



(2CC2NcC2)[)2([CCC2CC2)",[8.049676   0.08199441 3.271192  ],"(11.084199999999987, 0.38074562151368907, 3.9933015540005936)"
44,"CCCCCc1cccccccccNccccCCCCCCCCCcccccccc1



(2CC2NcC2)[)2([CCC2CC2)[/2([)C([CCC2CC2)[/2([)C2[NCC2CC2)[/2([-C2[N",[ 7.5471306  -0.03506836  4.0745683 ],"(11.084199999999987, 0.38074562151368907, 3.9933015540005936)"
45,"C=CCCc1cccccccccNcc=cCCCCCcccccccccccc1



(=HC2=c/2([/C2[NC2=oC2N[/2([/C2[NCC=oCCs[/)2[NC",[ 6.8355017 -0.0260224  3.7860334],"(9.620999999999997, 0.32433833791782335, 4.604304707673183)"
46,"C=CCCc1cccccccccNccccCCCCCCCcccccccccc1



(2]CC=[/2([NC2[NCC22CC2[/C[[NC2(NCC2)CC2",[ 7.7668533e+00 -5.9345588e-03  3.6992967e+00],"(10.246099999999993, 0.39692973807000403, 4.231812588721986)"
47,"C=CCCc1cccccccccNcc=cCCCCCCCcccccccccc1



(2CC2Nc/2cN)C([CC(2CC2N[/2([/C([NCC2CC2)[/2([/[2[NCC2)CC)[/)[[(C22CCC2)C",[ 7.177763   -0.04490224  3.9098744 ],"(9.844999999999995, 0.32285403675857255, 4.5049052993891605)"
48,"C=CCCc1cccccccccNcc=cCCCCCCCcccccccccc1



(2CC2Nc/",[6.927966  0.2548054 2.2183845],"(9.844999999999995, 0.32285403675857255, 4.5049052993891605)"
49,"C=CCCc1cccccccccNcc=cCCCCCcccccccccccc1



(=HC2=c/2([/C2[NC2=",[7.1499825  0.08565717 2.4546728 ],"(9.620999999999997, 0.32433833791782335, 4.604304707673183)"
50,"CCCCCc1cccccccccNcc=cCCCCCCCcccccccccc1



(2]CC=cC2([",[7.4323397  0.21640274 2.413335  ],"(10.459099999999992, 0.31086314808139576, 4.346667081892367)"
51,"C=CCCc1cccccccccNcc=cCCCCCCCcccccccccc1



(2CC2Nc/2cN",[6.8250055  0.22333845 2.210798  ],"(9.844999999999995, 0.32285403675857255, 4.5049052993891605)"
52,"CCCCCc1cccccccccNcc=cCCCCCCCcccccccccc1



(2]CC=cC2([NC2[NC2=2CC2)/C2[NC2=NCC2oCC2)[)2",[7.4223375  0.08363088 3.7594461 ],"(10.459099999999992, 0.31086314808139576, 4.346667081892367)"
53,"C=CCCc1cccccccccNcc=cCCCCCcccccccccccc1



(=HC2=c/2([/C2[NC2=oC",[7.3022184  0.03634211 2.612604  ],"(9.620999999999997, 0.32433833791782335, 4.604304707673183)"
54,"C=CCCc1cccccccccNcc=cCCCCCcccccccccccc1



(=H",[5.7705994  0.19902813 1.8370355 ],"(9.620999999999997, 0.32433833791782335, 4.604304707673183)"
55,"C=CCCc1cccccccccNcc=cCCCCCcccccccccccc1



(=HC2=c/2([/C",[7.0160656  0.12858954 2.353931  ],"(9.620999999999997, 0.32433833791782335, 4.604304707673183)"
56,"C=CCCc1cccccccccNccccCCCCCCCcccccccccc1



(2]CC=[/2([NC2[NCC22C",[7.825113   0.06790019 2.9642835 ],"(10.246099999999993, 0.39692973807000403, 4.231812588721986)"
57,"CCCCCc1cccccccccNcc=cCCCCCCCcccccccccc1



(2]CC=cC2([NC2[NC2=2CC2)/C2[N",[7.8380632  0.10736769 3.1193118 ],"(10.459099999999992, 0.31086314808139576, 4.346667081892367)"
58,"C=CCCc1cccccccccNccccCCCCCCCcccccccccc1



(2]CC=[/2([NC2[NCC22CC2[/C[[NC2(NCC2)CC2[()[((CCCCCC2)[C2",[ 7.6561995  -0.07801151  3.6476407 ],"(10.246099999999993, 0.39692973807000403, 4.231812588721986)"
59,"C=CCCc1cccccccccNccccCCCCCCCcccccccccc1



(2]CC=[/2([NC2[NCC22CC2[/C[[",[ 7.872498   -0.02480174  3.2198553 ],"(10.246099999999993, 0.39692973807000403, 4.231812588721986)"
60,"C=CCCc1cccccccccNcc=cCCCCCCCcccccccccc1



(2CC2Nc/2",[7.0032187 0.2221835 2.2523205],"(9.844999999999995, 0.32285403675857255, 4.5049052993891605)"
61,"CCCCCc1cccccccccNcc=cCCCCCCCcccccccccc1



(2]CC=cC2([NC2[NC2=2CC2)/C2[NC2=NCC2oCC2)[)2[[CC(2CC2)[Co)[)C([-C2C2CCN[/o([",[ 7.4967175  -0.02573577  3.6706948 ],"(10.459099999999992, 0.31086314808139576, 4.346667081892367)"
62,C=CCCc1cccccccccNccccCCCCCCCcccccccccc1,[7.0413     0.32961893 1.8039956 ],"(10.246099999999993, 0.39692973807000403, 4.231812588721986)"
63,"C=CCCc1cccccccccNccccCCCCCCCcccccccccc1

",[6.9605923 0.3331932 1.8265079],"(10.246099999999993, 0.39692973807000403, 4.231812588721986)"
64,"C=CCCc1cccccccccNcc=cCCCCCCCcccccccccc1



(2CC2Nc/2cN)C([CC(2CC2N[/2([/C([NCC2CC2)[/2([/[2[NCC",[ 7.601564  -0.0804517  3.8283787],"(9.844999999999995, 0.32285403675857255, 4.5049052993891605)"
65,"C=CCCc1cccccccccNcc=cCCCCCCCcccccccccc1



(2CC2Nc/2cN)C([CC(2CC2N[/2([/C([NCC2CC",[7.286229   0.06384457 3.7201688 ],"(9.844999999999995, 0.32285403675857255, 4.5049052993891605)"
66,"C=CCCc1cccccccccNcc=cCCCCCcccccccccccc1



(=HC2=c/2([/C2[NC2=oC2N[/2([/C2[NCC=oCCs[/)2[NC2(2CC2oCC2)()2(NC2(HNC2)[/2)",[ 6.8425965  -0.04780108  3.7233174 ],"(9.620999999999997, 0.32433833791782335, 4.604304707673183)"
67,"C=CCCc1cccccccccNcc=cCCCCCcccccccccccc1



(=HC2=c/2([/C2[NC2=oC2N[/2([/",[7.016707   0.04783171 2.9752722 ],"(9.620999999999997, 0.32433833791782335, 4.604304707673183)"
68,"CCCCCc1cccccccccNccccCCCCCCCCCcccccccc1



(2CC2NcC2)[)2([CCC2CC2)[/2([)C(",[8.173745  0.038103  3.7272797],"(11.084199999999987, 0.38074562151368907, 3.9933015540005936)"
69,"C=CCCc1cccccccccNccccCCCCCCCcccccccccc1



(2]CC=[/2([NC2[NCC22CC2[/C[[NC2(NCC2)CC2[()[((CCCCCC2)[C2[[)C([CCCo2C",[ 7.8028183  -0.09526104  3.7211707 ],"(10.246099999999993, 0.39692973807000403, 4.231812588721986)"
70,"CCCCCc1cccccccccNccccCCCCCCCCCcccccccc1



(2CC2NcC2)[)2([CCC2CC2)[/2([)C([CCC2CC2)[/2([)C2[NCC",[ 7.7665834  -0.02925005  4.110443  ],"(11.084199999999987, 0.38074562151368907, 3.9933015540005936)"
71,"CCCCCc1cccccccccNccccCCCCCCCCCcccccccc1



(2CC2NcC",[7.2799644  0.31407353 2.3306408 ],"(11.084199999999987, 0.38074562151368907, 3.9933015540005936)"
72,"C=CCCc1cccccccccNcc=cCCCCCCCcccccccccc1



(2CC2Nc/2cN)C([CC(2CC2N[/2([/C([NCC2CC2)[/2([/[2[NCC2)",[ 7.455263   -0.09860275  3.8247201 ],"(9.844999999999995, 0.32285403675857255, 4.5049052993891605)"
73,"C=CCCc1cccccccccNcc=cCCCCCCCcccccccccc1



(2CC2Nc/2cN)C([CC(",[7.1379385  0.19228634 2.6286345 ],"(9.844999999999995, 0.32285403675857255, 4.5049052993891605)"
74,"CCCCCc1cccccccccNcc=cCCCCCCCcccccccccc1



(2]",[7.1019106  0.32039213 1.9937173 ],"(10.459099999999992, 0.31086314808139576, 4.346667081892367)"
75,"C=CCCc1cccccccccNccccCCCCCCCcccccccccc1
",[6.9940286  0.33450067 1.8024281 ],"(10.246099999999993, 0.39692973807000403, 4.231812588721986)"
76,"CCCCCc1cccccccccNccccCCCCCCCCCcccccccc1



(2CC2NcC2)[)2([CCC2CC2)[/2([)C([CCC2CC2)[/2([)C2[NCC2",[ 7.871836   -0.07615108  4.0571303 ],"(11.084199999999987, 0.38074562151368907, 3.9933015540005936)"
77,"CCCCCc1cccccccccNccccCCCCCCCCCcccccccc1



(2CC2NcC2)[)2([CCC2CC2)[/2([)C([CCC2CC2)[/2([)C2[NCC2CC2)[/2([-C2[NCC))CC)[",[ 7.552866   -0.03501228  4.1214657 ],"(11.084199999999987, 0.38074562151368907, 3.9933015540005936)"
78,"C=CCCc1cccccccccNcc=cCCCCCcccccccccccc1



(=HC2=c/2([/C2[NC2=oC2N[/2([/C2[NCC=oCCs[/)2[NC2(2CC2oCC2)()2(NC2(H",[ 6.8240557  -0.04904587  3.7363105 ],"(9.620999999999997, 0.32433833791782335, 4.604304707673183)"
79,"C=CCCc1cccccccccNcc=cCCCCCcccccccccccc1



(=HC2=c/2([/C2[NC2",[7.2095623  0.07613768 2.5020542 ],"(9.620999999999997, 0.32433833791782335, 4.604304707673183)"
80,"C=CCCc1cccccccccNcc=cCCCCCCCcccccccccc1



(2CC2Nc/2cN)C([CC(2CC2N[/2([/C([NCC2CC2)[/2([/[2[NCC2)CC)[/)[[(C22",[ 7.199335   -0.04908466  3.916863  ],"(9.844999999999995, 0.32285403675857255, 4.5049052993891605)"
81,"C=CCCc1cccccccccNccccCCCCCCCcccccccccc1



(2]CC=[/2(",[7.348909   0.18195483 2.4417171 ],"(10.246099999999993, 0.39692973807000403, 4.231812588721986)"
82,"CCCCCc1cccccccccNcc=cCCCCCCCcccccccccc1



(2]CC=cC2([NC2[NC2=2CC2)/C2[NC2=NCC2oCC2)[)2[[CC",[7.36077   0.037728  3.7847433],"(10.459099999999992, 0.31086314808139576, 4.346667081892367)"
83,"C=CCCc1cccccccccNccccCCCCCCCcccccccccc1



(2]CC=[/2([NC2",[7.3819723  0.17178553 2.5974615 ],"(10.246099999999993, 0.39692973807000403, 4.231812588721986)"
84,"CCCCCc1cccccccccNccccCCCCCCCCCcccccccc1



(2CC2NcC2)[)2([CCC2CC2)[/2",[7.874599   0.05584935 3.5610034 ],"(11.084199999999987, 0.38074562151368907, 3.9933015540005936)"
85,"C=CCCc1cccccccccNcc=cCCCCCcccccccccccc1



(=HC2=c/2([/C2[NC2=oC2N[/2([/C2[NCC=oCCs[/)2[NC2(2CC2oCC2",[ 6.8352757  -0.09909985  3.473404  ],"(9.620999999999997, 0.32433833791782335, 4.604304707673183)"
86,"CCCCCc1cccccccccNccccCCCCCCCCCcccccccc1



(2CC2NcC2)[)2([CCC2CC2)[/2([)C([C",[8.129176   0.03309744 3.8522866 ],"(11.084199999999987, 0.38074562151368907, 3.9933015540005936)"
87,"CCCCCc1cccccccccNcc=cCCCCCCCcccccccccc1



(2]CC=cC2([NC2[NC2=",[7.5102224  0.18795905 2.7996242 ],"(10.459099999999992, 0.31086314808139576, 4.346667081892367)"
88,"CCCCCc1cccccccccNcc=cCCCCCCCcccccccccc1



(2]CC=cC2([NC2[NC2=2CC2)/C2[NC2=NC",[7.6926317  0.10496383 3.503681  ],"(10.459099999999992, 0.31086314808139576, 4.346667081892367)"
89,"CCCCCc1cccccccccNccccCCCCCCCCCcccccccc1



(2CC2NcC2)[)2([CCC2CC2)[/2([)C([CC",[8.096975   0.03387445 3.8792732 ],"(11.084199999999987, 0.38074562151368907, 3.9933015540005936)"
90,"CCCCCc1cccccccccNccccCCCCCCCCCcccccccc1



(2CC2NcC2)[)2([CCC2CC2)[/2([)C([CCC2CC2)[/2([)C2[NCC2CC2)[/2([-C2[",[ 7.5535574  -0.04049032  4.086216  ],"(11.084199999999987, 0.38074562151368907, 3.9933015540005936)"
91,"C=CCCc1cccccccccNcc=cCCCCCcccccccccccc1
",[6.725214   0.35348392 1.7169747 ],"(9.620999999999997, 0.32433833791782335, 4.604304707673183)"
92,"CCCCCc1cccccccccNccccCCCCCCCCCcccccccc1



(2CC2NcC2)[)2([CCC2CC2)[/2([)C([CCC",[8.138736   0.02031548 3.9188004 ],"(11.084199999999987, 0.38074562151368907, 3.9933015540005936)"
93,"CCCCCc1cccccccccNccccCCCCCCCCCcccccccc1



(2CC2NcC2)[)2([CCC2CC2)[/2([)C([CCC2C",[8.159955   0.02652942 4.0454044 ],"(11.084199999999987, 0.38074562151368907, 3.9933015540005936)"
94,"CCCCCc1cccccccccNccccCCCCCCCCCcccccccc1



(2CC2NcC2)[",[7.3654404  0.25862995 2.6764507 ],"(11.084199999999987, 0.38074562151368907, 3.9933015540005936)"
95,"C=CCCc1cccccccccNccccCCCCCCCcccccccccc1



(2]CC=[/2([NC2[NC",[7.3397884  0.16495316 2.8596861 ],"(10.246099999999993, 0.39692973807000403, 4.231812588721986)"
96,"C=CCCc1cccccccccNcc=cCCCCCcccccccccccc1



(=HC2=c/2",[6.805979   0.18647584 2.2150428 ],"(9.620999999999997, 0.32433833791782335, 4.604304707673183)"
97,"C=CCCc1cccccccccNcc=cCCCCCcccccccccccc1



(=HC2=c/2([/C2[NC2=oC2N[/2([/C2[NCC=oCCs[/)2[NC2(2CC",[ 6.799473   -0.06209027  3.6837676 ],"(9.620999999999997, 0.32433833791782335, 4.604304707673183)"
98,"CCCCCc1cccccccccNccccCCCCCCCCCcccccccc1



(2CC2NcC2)[)2([CCC2CC2)[/2([)C([CCC2CC2)[/2([)C2[NCC2CC2",[ 7.8762097 -0.0798592  4.0750365],"(11.084199999999987, 0.38074562151368907, 3.9933015540005936)"
99,"C=CCCc1cccccccccNcc=cCCCCCCCcccccccccc1



(2CC2Nc/2cN)C",[6.890468   0.22725627 2.243095  ],"(9.844999999999995, 0.32285403675857255, 4.5049052993891605)"
100,"C=CCCc1cccccccccNccccCCCCCCCcccccccccc1



(2]CC=",[7.3839226  0.21664008 2.2478678 ],"(10.246099999999993, 0.39692973807000403, 4.231812588721986)"
101,"C=CCCc1cccccccccNccccCCCCCCCcccccccccc1



(2]CC=[/2([NC",[7.2079215  0.18851015 2.5595248 ],"(10.246099999999993, 0.39692973807000403, 4.231812588721986)"
102,"CCCCCc1cccccccccNcc=cCCCCCCCcccccccccc1



(2]CC=cC2([NC2[NC2=2CC2)/C2[NC2=NCC2oCC2)[)2[[CC(2C",[ 7.4684324  -0.05620129  3.7321951 ],"(10.459099999999992, 0.31086314808139576, 4.346667081892367)"
103,"CCCCCc1cccccccccNcc=cCCCCCCCcccccccccc1



(2]CC=cC2([NC2[NC2=2CC2)/C2[NC2=NCC2oCC2)[)2[[CC(2CC2)[Co)[)C([-",[ 7.617044   -0.04787496  3.6863673 ],"(10.459099999999992, 0.31086314808139576, 4.346667081892367)"
104,"C=CCCc1cccccccccNccccCCCCCCCcccccccccc1



(2]CC=[/2([NC2[NCC22CC2[/C[[NC2(NCC2",[7.699134   0.02169643 3.7864587 ],"(10.246099999999993, 0.39692973807000403, 4.231812588721986)"
105,"CCCCCc1cccccccccNcc=cCCCCCCCcccccccccc1



(2]CC=cC2([NC",[7.274393   0.23706225 2.5079238 ],"(10.459099999999992, 0.31086314808139576, 4.346667081892367)"
106,"C=CCCc1cccccccccNccccCCCCCCCcccccccccc1



(2]CC=[/2([NC2[NCC22CC2[/C[[NC2(NCC2)CC",[7.6775627e+00 3.9380714e-03 3.6773784e+00],"(10.246099999999993, 0.39692973807000403, 4.231812588721986)"
107,"CCCCCc1cccccccccNccccCCCCCCCCCcccccccc1



(2CC2NcC2)[)2([CCC2CC2)[/2([)C([CCC2CC2)[/2",[ 7.9544249e+00 -2.4145171e-03  4.1415234e+00],"(11.084199999999987, 0.38074562151368907, 3.9933015540005936)"
108,"CCCCCc1cccccccccNcc=cCCCCCCCcccccccccc1



(2]CC=cC2([NC2[NC2=2CC2)/C2[NC2=NCC2oCC2)[)2[[CC(2CC2",[ 7.503934   -0.07757474  3.7593954 ],"(10.459099999999992, 0.31086314808139576, 4.346667081892367)"
109,"C=CCCc1cccccccccNcc=cCCCCCcccccccccccc1



(=HC2=c/2([/C2[NC2=oC2N[/2([/C2[NCC=oCCs[/)2[NC2(2CC2oCC2)(",[ 6.8208447  -0.08738998  3.5341864 ],"(9.620999999999997, 0.32433833791782335, 4.604304707673183)"
110,"C=CCCc1cccccccccNcc=cCCCCCcccccccccccc1



(=HC2=c/2([/C2[NC",[7.122117  0.1011238 2.459347 ],"(9.620999999999997, 0.32433833791782335, 4.604304707673183)"
111,"CCCCCc1cccccccccNcc=cCCCCCCCcccccccccc1



(2]CC=cC2([NC2[NC",[7.3770223  0.20244142 2.7965314 ],"(10.459099999999992, 0.31086314808139576, 4.346667081892367)"
112,"CCCCCc1cccccccccNcc=cCCCCCCCcccccccccc1



(2]CC=cC2",[7.482891   0.20594832 2.337817  ],"(10.459099999999992, 0.31086314808139576, 4.346667081892367)"
113,"C=CCCc1cccccccccNcc=cCCCCCcccccccccccc1



(=HC2=c/",[6.5425005  0.20784023 2.1452756 ],"(9.620999999999997, 0.32433833791782335, 4.604304707673183)"
114,"CCCCCc1cccccccccNccccCCCCCCCCCcccccccc1



(2CC2NcC2)[)2([CCC2CC",[8.044322   0.10732592 3.2893364 ],"(11.084199999999987, 0.38074562151368907, 3.9933015540005936)"
115,"C=CCCc1cccccccccNcc=cCCCCCcccccccccccc1



(=HC2=c/2([",[6.99561    0.18235981 2.1901367 ],"(9.620999999999997, 0.32433833791782335, 4.604304707673183)"
116,"C=CCCc1cccccccccNccccCCCCCCCcccccccccc1



(2]CC=[/2([NC2[NCC22CC2[/C[[NC2(NCC2)CC2[()[((CCC",[ 8.0546665  -0.07937507  3.8321474 ],"(10.246099999999993, 0.39692973807000403, 4.231812588721986)"
117,"C=CCCc1cccccccccNcc=cCCCCCcccccccccccc1



(=HC2=c/2([/C2[NC2=oC2N[/2([/C2[NCC=oCCs[/)2[NC2(2CC2oCC2)()2(NC2(HNC2)[",[ 6.889119  -0.0550764  3.7393541],"(9.620999999999997, 0.32433833791782335, 4.604304707673183)"
118,"C=CCCc1cccccccccNcc=cCCCCCCCcccccccccc1



(2CC2Nc/2cN)C([CC(2CC2N[/2([/C([NCC2CC2",[7.3870115  0.06437863 3.660834  ],"(9.844999999999995, 0.32285403675857255, 4.5049052993891605)"
119,"CCCCCc1cccccccccNccccCCCCCCCCCcccccccc1



(2CC2NcC2)[)2([CCC2CC2)[/2([)C([CCC2CC2)[/2([)C2[NCC2CC2)[/2([-C2",[ 7.584428   -0.04294459  4.0810194 ],"(11.084199999999987, 0.38074562151368907, 3.9933015540005936)"
120,"C=CCCc1cccccccccNcc=cCCCCCCCcccccccccc1



(2CC2Nc/2cN)C([CC(2CC2N[/2([/C([NCC2CC2)[/2([/[2[NCC2)CC)[/)[[(C22CCC2)CC",[ 7.1872063  -0.04665338  3.9189353 ],"(9.844999999999995, 0.32285403675857255, 4.5049052993891605)"
121,"CCCCCc1cccccccccNcc=cCCCCCCCcccccccccc1



(2]CC=cC2([NC2[",[7.4184427  0.20559224 2.6779978 ],"(10.459099999999992, 0.31086314808139576, 4.346667081892367)"
122,"CCCCCc1cccccccccNcc=cCCCCCCCcccccccccc1



(2]CC=cC2([NC2[NC2=2CC2)/C2[NC2=",[7.8727736  0.08690875 3.3415816 ],"(10.459099999999992, 0.31086314808139576, 4.346667081892367)"
123,"C=CCCc1cccccccccNccccCCCCCCCcccccccccc1



(2]CC=[/2([NC2[NCC22CC2[/C[[NC2(NCC2)CC2[()[((CCCCCC2)[C2[[)",[ 7.9038777  -0.10427032  3.6921813 ],"(10.246099999999993, 0.39692973807000403, 4.231812588721986)"
124,"C=CCCc1cccccccccNcc=cCCCCCcccccccccccc1



(=HC2=c/2([/C2[NC2=oC2N[/2([/C2[NCC=oCCs[/)2[NC2(",[ 6.9831963  -0.06099568  3.7101395 ],"(9.620999999999997, 0.32433833791782335, 4.604304707673183)"
125,"C=CCCc1cccccccccNcc=cCCCCCCCcccccccccc1



(2CC2Nc/2cN)C([CC(2CC2N[/2([/C([NCC2C",[7.2690353  0.06246553 3.7402177 ],"(9.844999999999995, 0.32285403675857255, 4.5049052993891605)"
126,"CCCCCc1cccccccccNcc=cCCCCCCCcccccccccc1



(2]CC=cC2([NC2[NC2=2CC2)/C2[NC2=NCC2oCC2)[)2[[CC(2CC2)[Co)[)C([-C2C2CCN",[ 7.527998   -0.02468864  3.644678  ],"(10.459099999999992, 0.31086314808139576, 4.346667081892367)"
127,"C=CCCc1cccccccccNccccCCCCCCCcccccccccc1



(2]CC=[/2([NC2[NCC22CC2[/C[[NC2(NCC2)",[7.5339823  0.01670564 3.6285305 ],"(10.246099999999993, 0.39692973807000403, 4.231812588721986)"
128,"C=CCCc1cccccccccNcc=cCCCCCCCcccccccccc1



(2CC2Nc/2cN)C([CC(2CC2N[/2([/C([NCC2CC2)[",[7.7715616 0.0225255 3.6519115],"(9.844999999999995, 0.32285403675857255, 4.5049052993891605)"
129,"CCCCCc1cccccccccNcc=cCCCCCCCcccccccccc1



(2]CC=cC2([NC2[NC2=2CC2)/C2[NC2=N",[7.7272906  0.11069594 3.4554164 ],"(10.459099999999992, 0.31086314808139576, 4.346667081892367)"
130,"CCCCCc1cccccccccNcc=cCCCCCCCcccccccccc1
",[6.9308696  0.33775085 1.8655089 ],"(10.459099999999992, 0.31086314808139576, 4.346667081892367)"
131,"CCCCCc1cccccccccNccccCCCCCCCCCcccccccc1



(2CC2NcC2)[)2([CCC2CC2)[/2([)C([CCC2CC2)[/2([)C2[NCC2CC2)[/2([-C2[NCC))CC",[ 7.5832977  -0.04123224  4.0760846 ],"(11.084199999999987, 0.38074562151368907, 3.9933015540005936)"
132,"C=CCCc1cccccccccNccccCCCCCCCcccccccccc1



(2]CC=[/2([NC2[NCC22CC2[/C[[NC2(NCC2)CC2[()[((CCCCCC",[ 8.085099   -0.07399238  3.853972  ],"(10.246099999999993, 0.39692973807000403, 4.231812588721986)"
133,"C=CCCc1cccccccccNccccCCCCCCCcccccccccc1



(2]CC=[/2([NC2[NCC22CC2[/C[[NC2(NCC2)CC2[()[((CCCCCC2)[C2[[)C(",[ 7.895236   -0.10295153  3.6950948 ],"(10.246099999999993, 0.39692973807000403, 4.231812588721986)"
134,"C=CCCc1cccccccccNccccCCCCCCCcccccccccc1



(2]CC=[/2([NC2[NCC22CC2[/C[[NC2(NCC2)CC2[()[((CCCCCC2)[C2[[)C([CCC",[ 7.8570867  -0.10089485  3.7149265 ],"(10.246099999999993, 0.39692973807000403, 4.231812588721986)"
135,"C=CCCc1cccccccccNcc=cCCCCCcccccccccccc1



(=HC2=c/2([/C2[NC2=oC2N[/2([/C2[NCC=oC",[ 6.7478895  -0.00809094  3.5349033 ],"(9.620999999999997, 0.32433833791782335, 4.604304707673183)"
136,CCCCCc1cccccccccNccccCCCCCCCCCcccccccc1,[7.17931    0.34459648 1.8768562 ],"(11.084199999999987, 0.38074562151368907, 3.9933015540005936)"
137,"C=CCCc1cccccccccNcc=cCCCCCcccccccccccc1



(=HC2=c/2([/C2[NC2=oC2N[/2([/C2[NCC=oCCs[/)2[NC2(2CC2oCC2)()2(NC2(HN",[ 6.8174744  -0.04946316  3.7471135 ],"(9.620999999999997, 0.32433833791782335, 4.604304707673183)"
138,"C=CCCc1cccccccccNccccCCCCCCCcccccccccc1



(2]CC=[/2([NC2[N",[7.2593875  0.16766141 2.7650838 ],"(10.246099999999993, 0.39692973807000403, 4.231812588721986)"
139,"CCCCCc1cccccccccNcc=cCCCCCCCcccccccccc1



(2]CC=cC2([NC2[NC2=2CC",[7.7661033  0.13484624 2.9244688 ],"(10.459099999999992, 0.31086314808139576, 4.346667081892367)"
140,"C=CCCc1cccccccccNcc=cCCCCCCCcccccccccc1



(2CC2Nc/2cN)C([CC(2CC2N[/",[7.1452527  0.12953523 2.9561312 ],"(9.844999999999995, 0.32285403675857255, 4.5049052993891605)"
141,"CCCCCc1cccccccccNcc=cCCCCCCCcccccccccc1


",[6.816024  0.3463105 1.8835164],"(10.459099999999992, 0.31086314808139576, 4.346667081892367)"
142,"CCCCCc1cccccccccNcc=cCCCCCCCcccccccccc1



(2]CC=cC2([NC2[NC2=2CC2)/C2[NC2",[7.830992   0.08808822 3.4037673 ],"(10.459099999999992, 0.31086314808139576, 4.346667081892367)"
143,"C=CCCc1cccccccccNcc=cCCCCCCCcccccccccc1



(2CC2Nc",[6.9609814 0.2860058 2.124127 ],"(9.844999999999995, 0.32285403675857255, 4.5049052993891605)"
144,"CCCCCc1cccccccccNccccCCCCCCCCCcccccccc1



(2CC2NcC2)[)2([CCC2CC2)[/2([)C([CCC2CC2)[/2([)",[ 7.906297  -0.0079395  4.217443 ],"(11.084199999999987, 0.38074562151368907, 3.9933015540005936)"
145,"C=CCCc1cccccccccNcc=cCCCCCcccccccccccc1



(=HC2=c/2([/C2[NC2=oC2N[/2([/C2[NCC=oCCs[/)2[NC2(2CC2oCC2)()2(NC2(HNC",[ 6.8278837  -0.04964944  3.760286  ],"(9.620999999999997, 0.32433833791782335, 4.604304707673183)"
146,"CCCCCc1cccccccccNcc=cCCCCCCCcccccccccc1



(2]CC=cC2([NC2[NC2=2CC2)",[7.956984   0.11689512 2.9424882 ],"(10.459099999999992, 0.31086314808139576, 4.346667081892367)"
147,"C=CCCc1cccccccccNccccCCCCCCCcccccccccc1



(2]CC=[/2([NC2[NCC22CC2[/C[[NC2(NCC2)C",[7.5512886  0.01582265 3.6502168 ],"(10.246099999999993, 0.39692973807000403, 4.231812588721986)"
148,"C=CCCc1cccccccccNccccCCCCCCCcccccccccc1



(2]CC=[/2([NC2[NCC22CC2[/C[[NC2(NCC2)CC2[()[((CCCCCC2)[C2[[)C([CCCo",[ 7.8374944  -0.09595955  3.7111347 ],"(10.246099999999993, 0.39692973807000403, 4.231812588721986)"
149,"C=CCCc1cccccccccNcc=cCCCCCcccccccccccc1



(=HC2=c/2([/C2[",[7.1807656  0.08458281 2.4359953 ],"(9.620999999999997, 0.32433833791782335, 4.604304707673183)"
150,"CCCCCc1cccccccccNcc=cCCCCCCCcccccccccc1



(2]CC=cC2([NC2[NC2=2CC2)/C2[NC2=NCC2oCC2)[)2[[CC(2CC2)[Co)[",[ 7.4014378  -0.03765754  3.6623821 ],"(10.459099999999992, 0.31086314808139576, 4.346667081892367)"
151,"C=CCCc1cccccccccNccccCCCCCCCcccccccccc1



(2]CC=[/2([NC2[NCC22CC2[/C[[NC2(NCC2)CC2[(",[ 8.01966    -0.05359728  3.7060513 ],"(10.246099999999993, 0.39692973807000403, 4.231812588721986)"
152,"C=CCCc1cccccccccNcc=cCCCCCCCcccccccccc1



(2CC2Nc/2cN)C([CC(2CC2N[/2([/C([NCC2CC2)[/2([/[2[NCC2)CC)[/)[[(C22CCC2",[ 7.186922   -0.05122008  3.9308407 ],"(9.844999999999995, 0.32285403675857255, 4.5049052993891605)"
153,"C=CCCc1cccccccccNcc=cCCCCCcccccccccccc1


",[6.6253686 0.353698  1.7600863],"(9.620999999999997, 0.32433833791782335, 4.604304707673183)"
154,"CCCCCc1cccccccccNcc=cCCCCCCCcccccccccc1



(2]CC=cC2([NC2[NC2=2CC2)/C2[NC2=NCC2oCC2)[)2[[CC(2CC2)[Co)[)C",[ 7.559474   -0.04769228  3.7478197 ],"(10.459099999999992, 0.31086314808139576, 4.346667081892367)"
155,"CCCCCc1cccccccccNccccCCCCCCCCCcccccccc1



(2CC2NcC2)[)2([CCC2CC2)[/2([)C([CCC2CC2)[/2([)C2[NCC2CC2)[/2([-C2[NCC",[ 7.5550356  -0.03514323  4.0849395 ],"(11.084199999999987, 0.38074562151368907, 3.9933015540005936)"
156,"C=CCCc1cccccccccNcc=cCCCCCcccccccccccc1



(=HC",[5.891187   0.17785811 1.9065357 ],"(9.620999999999997, 0.32433833791782335, 4.604304707673183)"
157,"C=CCCc1cccccccccNcc=cCCCCCCCcccccccccc1



(2CC2Nc/2cN)C([CC(2CC2N[/2([/C",[7.2542906  0.07461799 3.1869905 ],"(9.844999999999995, 0.32285403675857255, 4.5049052993891605)"
158,"C=CCCc1cccccccccNcc=cCCCCCCCcccccccccc1



(2CC2Nc/2cN)C([CC(2CC2N[/2",[7.0853205  0.13932645 2.9907799 ],"(9.844999999999995, 0.32285403675857255, 4.5049052993891605)"
159,"CCCCCc1cccccccccNcc=cCCCCCCCcccccccccc1



(2]CC=cC2([NC2[NC2=2CC2)/C",[7.9260006  0.10038465 2.971037  ],"(10.459099999999992, 0.31086314808139576, 4.346667081892367)"
160,"CCCCCc1cccccccccNcc=cCCCCCCCcccccccccc1



(2]CC=cC2([NC2[NC2=2CC2)/C2[NC2=NCC",[7.7431927  0.09533047 3.52503   ],"(10.459099999999992, 0.31086314808139576, 4.346667081892367)"
161,"C=CCCc1cccccccccNcc=cCCCCCCCcccccccccc1



(2CC2Nc/2cN)C([CC(2CC2",[7.419157   0.12904182 2.658614  ],"(9.844999999999995, 0.32285403675857255, 4.5049052993891605)"
162,"C=CCCc1cccccccccNccccCCCCCCCcccccccccc1



(2]CC=[/2([NC2[NCC22CC2[/C[[NC2(NCC2)CC2[()[((CCCCCC2)[C2[[)C([CCCo2CC2)/2[[",[ 7.73862    -0.08205614  3.7254088 ],"(10.246099999999993, 0.39692973807000403, 4.231812588721986)"
163,"C=CCCc1cccccccccNcc=cCCCCCcccccccccccc1



(=HC2=c/2([/C2[NC2=oC2N[/2([/C2[NCC=oCCs[/)2[NC2(2CC2oCC2)()",[ 6.899558   -0.08523218  3.61075   ],"(9.620999999999997, 0.32433833791782335, 4.604304707673183)"
164,"C=CCCc1cccccccccNccccCCCCCCCcccccccccc1



(2]CC=[/2([NC2[NCC22CC",[7.907757   0.05592678 3.0467017 ],"(10.246099999999993, 0.39692973807000403, 4.231812588721986)"
165,"C=CCCc1cccccccccNccccCCCCCCCcccccccccc1



(2]CC=[/2([NC2[NCC22CC2[/C[[NC2(NCC2)CC2[()[((CCCCCC2)[C2[[)C([CCCo2CC2)/2",[ 7.7421865  -0.08402736  3.7113273 ],"(10.246099999999993, 0.39692973807000403, 4.231812588721986)"
166,CC,[1.1721715  0.36074957 3.058358  ],"(1.0262, 0.3727855551576051, 2.7475679189493913)"
167,"C=CCCc1cccccccccNcc=cCCCCCCCcccccccccc1



(2CC2Nc/2cN)C([CC(2CC2N[/2([/C(",[7.299724   0.07153118 3.2245777 ],"(9.844999999999995, 0.32285403675857255, 4.5049052993891605)"
168,"CCCCCc1cccccccccNccccCCCCCCCCCcccccccc1



(2CC2NcC2)[)2([CCC2CC2)[/2([)C([CCC2CC2)[/2([)C",[ 7.950036   -0.01051476  4.208298  ],"(11.084199999999987, 0.38074562151368907, 3.9933015540005936)"
169,"C=CCCc1cccccccccNccccCCCCCCCcccccccccc1



(2]CC=[/2([NC2[NCC22CC2[/C[[NC2(NCC2)CC2[()[((CCCCCC2)[C2[[)C([CCCo2CC",[ 7.8126745  -0.09611315  3.722997  ],"(10.246099999999993, 0.39692973807000403, 4.231812588721986)"
170,"CCCCCc1cccccccccNccccCCCCCCCCCcccccccc1



(2CC2NcC2)[)2([CCC2CC2)[/2([)C([CCC2CC2)[/2([)C2[N",[ 7.7539263  -0.03259762  4.1450353 ],"(11.084199999999987, 0.38074562151368907, 3.9933015540005936)"
171,"C=CCCc1cccccccccNccccCCCCCCCcccccccccc1



(2]CC=[/2([NC2[NCC22CC2[/",[7.81371    0.01315434 3.2016177 ],"(10.246099999999993, 0.39692973807000403, 4.231812588721986)"
172,"CCCCCc1cccccccccNccccCCCCCCCCCcccccccc1



(2CC2NcC2)",[7.382063   0.27661586 2.3105192 ],"(11.084199999999987, 0.38074562151368907, 3.9933015540005936)"
173,"C=CCCc1cccccccccNcc=cCCCCCCCcccccccccc1


",[6.66296    0.33525172 1.9032217 ],"(9.844999999999995, 0.32285403675857255, 4.5049052993891605)"
174,"C=CCCc1cccccccccNcc=cCCCCCCCcccccccccc1



(2CC2Nc/2cN)C(",[6.9501796  0.22035876 2.2578151 ],"(9.844999999999995, 0.32285403675857255, 4.5049052993891605)"
175,"C=CCCc1cccccccccNcc=cCCCCCcccccccccccc1



(=HC2=c/2([/C2[NC2=oC2N[/2([/C2",[7.028416   0.03014707 3.1739838 ],"(9.620999999999997, 0.32433833791782335, 4.604304707673183)"
176,"C=CCCc1cccccccccNcc=cCCCCCcccccccccccc1



(=HC2=c/2([/C2[NC2=oC2N[/2([/C2[NCC=oCCs[",[ 7.143174   -0.06832572  3.6929078 ],"(9.620999999999997, 0.32433833791782335, 4.604304707673183)"
177,"C=CCCc1cccccccccNcc=cCCCCCcccccccccccc1



(=HC2=c/2([/C2[NC2=oC2N[/2([/C2[NCC=oCCs[/)2[NC2(2CC2oCC2)()2(NC2(HNC2)[/",[ 6.8796277  -0.05214236  3.7363718 ],"(9.620999999999997, 0.32433833791782335, 4.604304707673183)"
178,"CCCCCc1cccccccccNccccCCCCCCCCCcccccccc1



(2CC2NcC2)[)2([CCC2CC2)[/2([)",[8.030846   0.04212871 3.679252  ],"(11.084199999999987, 0.38074562151368907, 3.9933015540005936)"
179,"C=CCCc1cccccccccNccccCCCCCCCcccccccccc1



(2]CC=[/2([NC2[NCC22CC2[",[7.865987   0.02220365 3.1994326 ],"(10.246099999999993, 0.39692973807000403, 4.231812588721986)"
180,"C=CCCc1cccccccccNcc=cCCCCCcccccccccccc1



(=HC2=c/2([/C2[NC2=oC2N[/2([/C2[NCC=oCC",[ 6.895255   -0.01529732  3.5478318 ],"(9.620999999999997, 0.32433833791782335, 4.604304707673183)"
181,"C=CCCc1cccccccccNcc=cCCCCCcccccccccccc1



(=HC2=c/2([/C2[NC2=oC2N[/2([/C2[NCC=oCCs[/)2[N",[ 6.789821   -0.01746903  3.7647994 ],"(9.620999999999997, 0.32433833791782335, 4.604304707673183)"
182,"CCCCCc1cccccccccNccccCCCCCCCCCcccccccc1



(2CC2NcC2)[)2([CCC2",[7.917677   0.12711236 3.2438052 ],"(11.084199999999987, 0.38074562151368907, 3.9933015540005936)"
183,"CCCCCc1cccccccccNccccCCCCCCCCCcccccccc1



(2CC2NcC2)[)2([CCC2CC2)[/2([)C([CCC2CC2)[/",[ 8.232324   -0.02829588  4.029956  ],"(11.084199999999987, 0.38074562151368907, 3.9933015540005936)"
184,"C=CCCc1cccccccccNccccCCCCCCCcccccccccc1



(2]CC=[/2([N",[7.1385126  0.20443717 2.4757378 ],"(10.246099999999993, 0.39692973807000403, 4.231812588721986)"
185,"C=CCCc1cccccccccNcc=cCCCCCCCcccccccccc1
",[6.7586164 0.3321985 1.8693943],"(9.844999999999995, 0.32285403675857255, 4.5049052993891605)"
186,"C=CCCc1cccccccccNcc=cCCCCCcccccccccccc1



(=HC2=c/2([/C2[NC2=oC2N[/2([/C2[NCC=oCCs[/)2[NC2(2CC2oCC2)()2(NC2",[ 6.8276763  -0.04982518  3.7344956 ],"(9.620999999999997, 0.32433833791782335, 4.604304707673183)"
187,"CCCCCc1cccccccccNccccCCCCCCCCCcccccccc1



(2CC2NcC2)[)2([CCC2CC2)[/2([)C([CCC2CC2)[",[ 8.2193556e+00 -4.1664913e-03  3.9734409e+00],"(11.084199999999987, 0.38074562151368907, 3.9933015540005936)"
188,"C=CCCc1cccccccccNcc=cCCCCCCCcccccccccc1



(2CC2Nc/2cN)C([CC(2CC2N[/2([",[7.2601137  0.09546036 3.180187  ],"(9.844999999999995, 0.32285403675857255, 4.5049052993891605)"
189,"CCCCCc1cccccccccNcc=cCCCCCCCcccccccccc1



(2]CC=c",[7.36094    0.24922031 2.180994  ],"(10.459099999999992, 0.31086314808139576, 4.346667081892367)"
190,"CCCCCc1cccccccccNcc=cCCCCCCCcccccccccc1



(2]CC=cC2([NC2[NC2=2CC2)/C2[NC2=NCC2oCC2)[)2[[CC(2CC2)[Co)[)C(",[ 7.5554113  -0.04797105  3.7484603 ],"(10.459099999999992, 0.31086314808139576, 4.346667081892367)"
191,"C=CCCc1cccccccccNccccCCCCCCCcccccccccc1



(2]CC=[/2([NC2[NCC22CC2[/C[[NC2(NCC2)CC2[()[((CC",[ 8.071362   -0.08261878  3.8189483 ],"(10.246099999999993, 0.39692973807000403, 4.231812588721986)"
192,"CCCCCc1cccccccccNcc=cCCCCCCCcccccccccc1



(2]CC=cC2([NC2[NC2=2C",[7.6550875  0.15365353 2.8415444 ],"(10.459099999999992, 0.31086314808139576, 4.346667081892367)"
193,"CCCCCc1cccccccccNccccCCCCCCCCCcccccccc1


",[7.046056   0.35244673 1.9064075 ],"(11.084199999999987, 0.38074562151368907, 3.9933015540005936)"
194,"CCCCCc1cccccccccNcc=cCCCCCCCcccccccccc1



(2]CC=cC2([NC2",[7.3954825  0.21506208 2.5796096 ],"(10.459099999999992, 0.31086314808139576, 4.346667081892367)"
195,"C=CCCc1cccccccccNcc=cCCCCCCCcccccccccc1



(2CC2Nc/2cN)C([CC(2CC2N[/2([/C([NCC2CC2)[/2([/[2[NCC2)CC)[/)[",[ 7.3349953  -0.07552171  3.8877473 ],"(9.844999999999995, 0.32285403675857255, 4.5049052993891605)"
196,"CCCCCc1cccccccccNccccCCCCCCCCCcccccccc1



(2CC2NcC2)[)2([CCC2CC2)[/2([)C([CCC2CC2)[/2([)C2",[ 8.067437   -0.04901195  4.1211643 ],"(11.084199999999987, 0.38074562151368907, 3.9933015540005936)"
197,"CCCCCc1cccccccccNcc=cCCCCCCCcccccccccc1



(2]CC=cC2([NC2[NC2=2CC2)/C2[NC2=NCC2oCC2)[)2[[CC(2CC2)[Co)[)C([-C2C2CCN[",[ 7.516574   -0.02462085  3.6412017 ],"(10.459099999999992, 0.31086314808139576, 4.346667081892367)"
198,"C=CCCc1cccccccccNcc=cCCCCCcccccccccccc1



(=HC2=c/2([/C2[N",[7.0630245  0.10789896 2.42709   ],"(9.620999999999997, 0.32433833791782335, 4.604304707673183)"
199,"C=CCCc1cccccccccNcc=cCCCCCcccccccccccc1



(=HC2=c/2([/C2[NC2=oC2N[/",[7.143161   0.04709078 2.7700717 ],"(9.620999999999997, 0.32433833791782335, 4.604304707673183)"
200,"C=CCCc1cccccccccNcc=cCCCCCcccccccccccc1



(=HC2=c/2(",[6.8840685  0.18456268 2.2224042 ],"(9.620999999999997, 0.32433833791782335, 4.604304707673183)"
201,"C=CCCc1cccccccccNcc=cCCCCCcccccccccccc1



(=HC2=c",[6.4859943  0.22412822 2.0256703 ],"(9.620999999999997, 0.32433833791782335, 4.604304707673183)"
202,"CCCCCc1cccccccccNcc=cCCCCCCCcccccccccc1



(2]CC=cC2([NC2[NC2=2CC2)/C2[NC2=NCC2oCC2)",[7.743591   0.05358339 3.7179291 ],"(10.459099999999992, 0.31086314808139576, 4.346667081892367)"
203,"CCCCCc1cccccccccNcc=cCCCCCCCcccccccccc1



(2]CC=cC2([NC2[NC2=2CC2)/C2[NC2=NCC2oCC2",[7.864768   0.07826256 3.6825836 ],"(10.459099999999992, 0.31086314808139576, 4.346667081892367)"
204,"C=CCCc1cccccccccNccccCCCCCCCcccccccccc1



(2]CC=[/",[7.2644596  0.20457351 2.385844  ],"(10.246099999999993, 0.39692973807000403, 4.231812588721986)"
205,"C=CCCc1cccccccccNcc=cCCCCCCCcccccccccc1



(2CC2Nc/2cN)C([CC(2CC2N[/2([/C([NCC2CC2)[/2([/[2[NCC2)CC)[/)[[(C2",[ 7.2338376  -0.05561288  3.9537778 ],"(9.844999999999995, 0.32285403675857255, 4.5049052993891605)"
206,"C=CCCc1cccccccccNcc=cCCCCCCCcccccccccc1



(2CC2Nc/2cN)C([CC(2CC2N[/2([/C([N",[7.113971   0.08878964 3.466543  ],"(9.844999999999995, 0.32285403675857255, 4.5049052993891605)"
207,"C=CCCc1cccccccccNcc=cCCCCCcccccccccccc1



(=HC2=c/2([/C2[NC2=oC2N[/2([/C2[NCC=oCCs",[ 6.9577456  -0.04631879  3.5395954 ],"(9.620999999999997, 0.32433833791782335, 4.604304707673183)"
208,"C=CCCc1cccccccccNcc=cCCCCCcccccccccccc1



(=HC2=c/2([/C2[NC2=oC2N[/2([/C2[N",[6.8256354  0.06968781 3.4066768 ],"(9.620999999999997, 0.32433833791782335, 4.604304707673183)"
209,"C=CCCc1cccccccccNcc=cCCCCCcccccccccccc1



(=HC2=c/2([/C2[NC2=o",[7.239805   0.04186439 2.5929985 ],"(9.620999999999997, 0.32433833791782335, 4.604304707673183)"
210,"C=CCCc1cccccccccNcc=cCCCCCcccccccccccc1



(=HC2=c/2([/C2[NC2=oC2",[7.282259   0.03228932 2.6079895 ],"(9.620999999999997, 0.32433833791782335, 4.604304707673183)"
211,"C=CCCc1cccccccccNcc=cCCCCCcccccccccccc1



(=HC2=c/2([/C2[NC2=oC2N[/2",[7.0504427  0.06842617 2.9184456 ],"(9.620999999999997, 0.32433833791782335, 4.604304707673183)"
212,"C=CCCc1cccccccccNcc=cCCCCCcccccccccccc1



(=HC2=c/2([/C2[NC2=oC2N[/2([/C2[NCC=oCCs[/)2[NC2(2CC2o",[ 6.7673693  -0.08229022  3.6089733 ],"(9.620999999999997, 0.32433833791782335, 4.604304707673183)"
213,"C=CCCc1cccccccccNcc=cCCCCCCCcccccccccc1



(2",[6.812209  0.3251463 1.9927081],"(9.844999999999995, 0.32285403675857255, 4.5049052993891605)"
214,"CCCCCc1cccccccccNcc=cCCCCCCCcccccccccc1



(2]CC=cC2([NC2[NC2=2CC2)/C2[NC2=NCC2oCC2)[)",[7.479725   0.07337608 3.6336424 ],"(10.459099999999992, 0.31086314808139576, 4.346667081892367)"
215,"CCCCCc1cccccccccNccccCCCCCCCCCcccccccc1



(2CC2NcC2)[)2([CCC2CC2)[/2([)C([CCC2CC2)[/2([)C2[NCC2CC2)[/2([-C2[NCC))CC)",[ 7.5769176  -0.03914072  4.0979743 ],"(11.084199999999987, 0.38074562151368907, 3.9933015540005936)"
216,"C=CCCc1cccccccccNcc=cCCCCCCCcccccccccc1



(2CC2Nc/2cN)C([CC(2CC2N[/2([/C([NC",[7.0819426 0.0839731 3.4776106],"(9.844999999999995, 0.32285403675857255, 4.5049052993891605)"
217,"C=CCCc1cccccccccNcc=cCCCCCCCcccccccccc1



(2CC2Nc/2cN)C([CC(2CC2N",[7.220724  0.1554257 2.730714 ],"(9.844999999999995, 0.32285403675857255, 4.5049052993891605)"
218,"C=CCCc1cccccccccNccccCCCCCCCcccccccccc1



(2]CC=[",[7.2933702  0.22791818 2.3425593 ],"(10.246099999999993, 0.39692973807000403, 4.231812588721986)"
219,"CCCCCc1cccccccccNccccCCCCCCCCCcccccccc1



(2",[7.16987    0.33351928 2.011754  ],"(11.084199999999987, 0.38074562151368907, 3.9933015540005936)"
220,"C=CCCc1cccccccccNcc=cCCCCCcccccccccccc1



(=HC2=c/2([/C2[NC2=oC2N[/2([/C2[NCC=oCCs[/)2[NC2(2CC2",[ 6.7960844  -0.08892468  3.6900036 ],"(9.620999999999997, 0.32433833791782335, 4.604304707673183)"
221,"CCCCCc1cccccccccNcc=cCCCCCCCcccccccccc1



(2]CC=cC2([NC2[NC2=2CC2)/C2[NC2=NCC2oCC2)[)2[[CC(2",[ 7.4719853  -0.04767934  3.737324  ],"(10.459099999999992, 0.31086314808139576, 4.346667081892367)"
222,"CCCCCc1cccccccccNccccCCCCCCCCCcccccccc1

",[7.101427   0.34879333 1.895787  ],"(11.084199999999987, 0.38074562151368907, 3.9933015540005936)"
223,"CCCCCc1cccccccccNccccCCCCCCCCCcccccccc1



(2CC2NcC2)[)2([CCC2CC2)[/2([)C([CCC2CC2)",[8.239801   0.01741294 3.9753249 ],"(11.084199999999987, 0.38074562151368907, 3.9933015540005936)"
224,"CCCCCc1cccccccccNcc=cCCCCCCCcccccccccc1



(2]CC=cC2([NC2[NC2=2CC2)/C2[NC2=NCC2oCC2)[)2[[CC(2CC2)[Co)[)C([-C2C2CCN[/",[ 7.498787  -0.0221443  3.6483495],"(10.459099999999992, 0.31086314808139576, 4.346667081892367)"
225,"CCCCCc1cccccccccNccccCCCCCCCCCcccccccc1



(2CC2NcC2)[)2([CCC2CC2)[/2([)C([CCC2CC2)[/2([)C2[NCC2CC2)[/",[ 7.731192   -0.04635718  4.019881  ],"(11.084199999999987, 0.38074562151368907, 3.9933015540005936)"
226,"C=CCCc1cccccccccNccccCCCCCCCcccccccccc1



(2]CC=[/2([NC2[NCC22CC2",[7.8992014  0.04079374 3.0499926 ],"(10.246099999999993, 0.39692973807000403, 4.231812588721986)"
227,"CCCCCc1cccccccccNccccCCCCCCCCCcccccccc1



(2CC2NcC2)[)2([CCC2CC2)[/2([)C([CCC2CC2)[/2([)C2[NCC2CC2)[/2([",[ 7.7361927  -0.04999097  4.0536256 ],"(11.084199999999987, 0.38074562151368907, 3.9933015540005936)"
228,"C=CCCc1cccccccccNcc=cCCCCCcccccccccccc1



(=HC2=c/2([/C2[NC2=oC2N[/2([/C2[NCC=oCCs[/)2[NC2(2CC2oC",[ 6.78952    -0.08301479  3.5717123 ],"(9.620999999999997, 0.32433833791782335, 4.604304707673183)"
229,"C=CCCc1cccccccccNccccCCCCCCCcccccccccc1



(2]CC=[/2([NC2[NCC22CC2[/C[[NC2(",[ 7.7983913e+00 -4.1356906e-03  3.4720061e+00],"(10.246099999999993, 0.39692973807000403, 4.231812588721986)"
230,"C=CCCc1cccccccccNcc=cCCCCCcccccccccccc1



(=HC2=c/2([/C2[NC2=oC2N[/2([/C2[NCC=o",[ 6.7222404e+00 -1.7582402e-03  3.5445223e+00],"(9.620999999999997, 0.32433833791782335, 4.604304707673183)"
231,"C=CCCc1cccccccccNcc=cCCCCCCCcccccccccc1



(2CC2Nc/2cN)C([CC(2CC2N[/2([/C([NCC2CC2)[/2([/[2[NCC2)CC)[",[ 7.3044243  -0.06762501  3.7863925 ],"(9.844999999999995, 0.32285403675857255, 4.5049052993891605)"
232,"C=CCCc1cccccccccNccccCCCCCCCcccccccccc1



(2]CC=[/2([NC2[NCC22CC2[/C[[NC2(NCC2)CC2[()[((CCCCCC2)",[ 7.9094305  -0.11474932  3.7015803 ],"(10.246099999999993, 0.39692973807000403, 4.231812588721986)"
233,"C=CCCc1cccccccccNcc=cCCCCCcccccccccccc1



(=HC2=c/2([/C2[NC2=oC2N[/2([/C2[NCC=oCCs[/)2[NC2(2CC2oCC2)()2(NC2(HNC2)",[ 6.8911214  -0.05703873  3.7430794 ],"(9.620999999999997, 0.32433833791782335, 4.604304707673183)"
234,"C=CCCc1cccccccccNcc=cCCCCCCCcccccccccc1



(2CC2Nc/2cN)C([CC(2CC2N[/2([/",[7.179595   0.06976669 3.1126392 ],"(9.844999999999995, 0.32285403675857255, 4.5049052993891605)"
235,"C=CCCc1cccccccccNccccCCCCCCCcccccccccc1



(2]CC=[/2([NC2[NCC22CC2[/C[[NC2(NCC2)CC2[()[((CCCCCC2)[C2[[)C([CCCo2CC2)",[ 7.79709    -0.09721927  3.7144916 ],"(10.246099999999993, 0.39692973807000403, 4.231812588721986)"
236,"C=CCCc1cccccccccNcc=cCCCCCcccccccccccc1



(=HC2=c/2([/C2[NC2=oC2N[/2([/C2[NCC=oCCs[/)2[NC2",[ 6.977495   -0.05952886  3.7036698 ],"(9.620999999999997, 0.32433833791782335, 4.604304707673183)"
237,"C=CCCc1cccccccccNcc=cCCCCCCCcccccccccc1



(2CC2Nc/2cN)C([CC(2CC2N[/2([/C([NCC2CC2)[/2([/[2[NCC2",[ 7.542614   -0.13007012  3.8403208 ],"(9.844999999999995, 0.32285403675857255, 4.5049052993891605)"
238,"C=CCCc1cccccccccNcc=cCCCCCCCcccccccccc1



(2CC2Nc/2cN)C([CC(2CC2N[/2([/C([NCC2CC2)[/2([/[2[NCC2)CC)[/)[[(",[ 7.3182807  -0.08559511  3.9328945 ],"(9.844999999999995, 0.32285403675857255, 4.5049052993891605)"
239,"CCCCCc1cccccccccNcc=cCCCCCCCcccccccccc1



(2]CC=cC2([NC2[NC2=2CC2)/C2[NC2=NCC2oCC",[7.8477845  0.10389125 3.5863855 ],"(10.459099999999992, 0.31086314808139576, 4.346667081892367)"
240,"C=CCCc1cccccccccNccccCCCCCCCcccccccccc1



(2]C",[7.298479   0.27760562 2.0323472 ],"(10.246099999999993, 0.39692973807000403, 4.231812588721986)"
241,"C=CCCc1cccccccccNcc=cCCCCCcccccccccccc1



(=HC2=",[6.354063   0.20692566 2.093687  ],"(9.620999999999997, 0.32433833791782335, 4.604304707673183)"
242,"CCCCCc1cccccccccNccccCCCCCCCCCcccccccc1



(2CC2NcC2)[)2([CCC2CC2)[/2([)C([CCC2CC2)[/2([)C2[NCC2CC",[ 7.9120874 -0.078564   4.0327525],"(11.084199999999987, 0.38074562151368907, 3.9933015540005936)"
243,"C=CCCc1cccccccccNcc=cCCCCCcccccccccccc1



(=",[6.2844334  0.29908186 1.8139504 ],"(9.620999999999997, 0.32433833791782335, 4.604304707673183)"
244,"C=CCCc1cccccccccNccccCCCCCCCcccccccccc1



(2]CC=[/2([NC2[NCC22CC2[/C[[NC2(NCC2)CC2[()[((CCCCCC2)[",[ 7.789688   -0.08961604  3.6800287 ],"(10.246099999999993, 0.39692973807000403, 4.231812588721986)"
245,"C=CCCc1cccccccccNcc=cCCCCCcccccccccccc1



(=HC2=c/2([/C2[NC2=oC2N[/2([/C2[NC",[6.7702837  0.06828015 3.4601398 ],"(9.620999999999997, 0.32433833791782335, 4.604304707673183)"
246,"C=CCCc1cccccccccNcc=cCCCCCcccccccccccc1



(=HC2=c/2([/C2[NC2=oC2N[/2([",[7.088183   0.06671133 3.0446098 ],"(9.620999999999997, 0.32433833791782335, 4.604304707673183)"
247,"C=CCCc1cccccccccNcc=cCCCCCcccccccccccc1



(=HC2=c/2([/C2[NC2=oC2N[/2([/C2[NCC=oCCs[/)2[NC2(2CC2oCC2)()2(",[ 6.920819   -0.07195199  3.6371021 ],"(9.620999999999997, 0.32433833791782335, 4.604304707673183)"
248,"CCCCCc1cccccccccNccccCCCCCCCCCcccccccc1



(2CC2NcC2)[)2([CCC2C",[7.961817  0.1197473 3.2608519],"(11.084199999999987, 0.38074562151368907, 3.9933015540005936)"
249,"CCCCCc1cccccccccNccccCCCCCCCCCcccccccc1



(2CC2NcC2)[)2([CCC2CC2)[/2([)C([CCC2CC2)[/2([)C2[NCC2CC2)[/2([-C2[NCC)",[ 7.5592766  -0.03614571  4.067905  ],"(11.084199999999987, 0.38074562151368907, 3.9933015540005936)"
250,"CCCCCc1cccccccccNccccCCCCCCCCCcccccccc1



(2CC2NcC2)[)2([CCC2CC2)[/2([)C([CCC2",[8.089677   0.02815288 4.0415325 ],"(11.084199999999987, 0.38074562151368907, 3.9933015540005936)"
251,"CCCCCc1cccccccccNcc=cCCCCCCCcccccccccc1



(2]CC=cC2([NC2[NC2=2CC2)/C2[NC2=NCC2oCC2)[)2[[CC(2CC2)[Co)[)C([-C2C",[ 7.571681   -0.03508387  3.6542583 ],"(10.459099999999992, 0.31086314808139576, 4.346667081892367)"
252,"CCCCCc1cccccccccNcc=cCCCCCCCcccccccccc1



(2]CC=cC2([NC2[NC2=2CC2)/",[7.845955   0.11190317 2.9253633 ],"(10.459099999999992, 0.31086314808139576, 4.346667081892367)"
253,"CCCCCc1cccccccccNccccCCCCCCCCCcccccccc1



(2CC2NcC2)[)2([CCC2CC2)[/2([)C([CCC2CC2)[/2([)C2[NCC2C",[ 7.899462   -0.07607364  4.0340567 ],"(11.084199999999987, 0.38074562151368907, 3.9933015540005936)"
254,"CCCCCc1cccccccccNcc=cCCCCCCCcccccccccc1



(2]CC=cC",[7.4323425  0.23084238 2.2534719 ],"(10.459099999999992, 0.31086314808139576, 4.346667081892367)"
255,"C=CCCc1cccccccccNccccCCCCCCCcccccccccc1



(2]CC=[/2([NC2[NCC22CC2[/C[[NC2(NC",[7.6920567  0.01536753 3.6378045 ],"(10.246099999999993, 0.39692973807000403, 4.231812588721986)"
256,"C=CCCc1cccccccccNcc=cCCCCCcccccccccccc1



(=HC2=c/2([/C2[NC2=oC2N[/2([/C2[NCC=oCCs[/)2[NC2(2CC2oCC2)()2(NC2(",[ 6.8267765 -0.0496145  3.7361722],"(9.620999999999997, 0.32433833791782335, 4.604304707673183)"
257,"C=CCCc1cccccccccNccccCCCCCCCcccccccccc1



(2]CC=[/2([NC2[NCC22CC2[/C[[NC2(NCC2)CC2[()[((CCCCCC2)[C2[[)C([CCCo2CC2)/2[",[ 7.744235   -0.07939027  3.7324736 ],"(10.246099999999993, 0.39692973807000403, 4.231812588721986)"
258,"C=CCCc1cccccccccNcc=cCCCCCCCcccccccccc1



(2CC2Nc/2cN)C([CC(2CC2N[/2([/C([",[7.3101635  0.06921078 3.3971007 ],"(9.844999999999995, 0.32285403675857255, 4.5049052993891605)"
259,"CCCCCc1cccccccccNccccCCCCCCCCCcccccccc1



(2CC2Nc",[7.211387   0.31988743 2.2049227 ],"(11.084199999999987, 0.38074562151368907, 3.9933015540005936)"
260,"C=CCCc1cccccccccNccccCCCCCCCcccccccccc1



(2]CC=[/2([NC2[NCC22CC2[/C[[NC2(N",[7.72692    0.02016301 3.55803   ],"(10.246099999999993, 0.39692973807000403, 4.231812588721986)"
261,"CCCCCc1cccccccccNccccCCCCCCCCCcccccccc1



(2CC2NcC2)[)2(",[7.480955   0.22327146 2.797284  ],"(11.084199999999987, 0.38074562151368907, 3.9933015540005936)"
262,"C=CCCc1cccccccccNcc=cCCCCCCCcccccccccc1



(2CC2Nc/2cN)C([CC(2CC2N[/2([/C([NCC2CC2)[/2([/[2[N",[ 7.5875216  -0.08306781  3.8417432 ],"(9.844999999999995, 0.32285403675857255, 4.5049052993891605)"
263,"C=CCCc1cccccccccNcc=cCCCCCCCcccccccccc1



(2CC2Nc/2cN)C([CC(2CC2N[/2([/C([NCC2CC2)[/2([/[2[NCC2)CC)[/)[[(C22CCC",[ 7.184363   -0.04763136  3.915192  ],"(9.844999999999995, 0.32285403675857255, 4.5049052993891605)"
264,"CCCCCc1cccccccccNcc=cCCCCCCCcccccccccc1



(2]CC=cC2([NC2[NC2=2CC2)/C2[NC2=NCC2oCC2)[)2[[CC(2CC2)[Co)[)C([-C2C2CC",[ 7.5569706 -0.0310692  3.6509857],"(10.459099999999992, 0.31086314808139576, 4.346667081892367)"
265,"C=CCCc1cccccccccNcc=cCCCCCCCcccccccccc1



(2CC2Nc/2cN)C([CC(2CC2N[/2([/C([NCC2CC2)[/2([/[2[NCC2)CC)",[ 7.22171    -0.04743687  3.749888  ],"(9.844999999999995, 0.32285403675857255, 4.5049052993891605)"
266,"C=CCCc1cccccccccNcc=cCCCCCcccccccccccc1



(=HC2=c/2([/C2",[7.074688   0.11357715 2.3816464 ],"(9.620999999999997, 0.32433833791782335, 4.604304707673183)"
267,"CCCCCc1cccccccccNcc=cCCCCCCCcccccccccc1



(2]CC=cC2([NC2[NC2=2CC2)/C2[NC",[7.9017725  0.09710897 3.2749798 ],"(10.459099999999992, 0.31086314808139576, 4.346667081892367)"
268,"CCCCCc1cccccccccNcc=cCCCCCCCcccccccccc1



(2]CC=cC2([NC2[NC2=2CC2)/C2[NC2=NCC2oCC2)[)2[[CC(2CC2)[Co)",[ 7.3231907  -0.02071501  3.6799355 ],"(10.459099999999992, 0.31086314808139576, 4.346667081892367)"
269,"CCCCCc1cccccccccNcc=cCCCCCCCcccccccccc1



(2]CC=cC2([NC2[NC2=2CC2)/C2[NC2=NCC2oCC2)[)2[[CC(",[7.371601   0.03656181 3.7921743 ],"(10.459099999999992, 0.31086314808139576, 4.346667081892367)"
270,"C=CCCc1cccccccccNccccCCCCCCCcccccccccc1



(2]CC=[/2([NC2[NCC22CC2[/C[[NC2(NCC2)CC2[()[",[ 8.03541    -0.07512137  3.7663386 ],"(10.246099999999993, 0.39692973807000403, 4.231812588721986)"
271,"C=CCCc1cccccccccNcc=cCCCCCCCcccccccccc1



(2CC2N",[6.8697033 0.2918774 2.1575196],"(9.844999999999995, 0.32285403675857255, 4.5049052993891605)"
272,"C=CCCc1cccccccccNcc=cCCCCCCCcccccccccc1



(2CC2Nc/2cN)C([CC(2CC2N[/2([/C([NCC2CC2)[/2(",[7.665131   0.02293501 3.7380812 ],"(9.844999999999995, 0.32285403675857255, 4.5049052993891605)"
273,"CCCCCc1cccccccccNccccCCCCCCCCCcccccccc1



(2CC2NcC2)[)2([CCC2CC2)[",[8.027768   0.08642583 3.4657438 ],"(11.084199999999987, 0.38074562151368907, 3.9933015540005936)"
274,"C=CCCc1cccccccccNcc=cCCCCCCCcccccccccc1



(2CC2Nc/2cN)C([CC(2CC2N[/2([/C([NCC2CC2)[/2([/[2[NCC2)CC)[/)[[(C22CCC2)CC2[",[ 7.0788984  -0.01234106  3.936271  ],"(9.844999999999995, 0.32285403675857255, 4.5049052993891605)"
275,CCC,[1.6633551  0.40773213 2.8150222 ],"(1.4163, 0.3854706587740357, 1.7549570386349824)"
276,"CCCCCc1cccccccccNccccCCCCCCCCCcccccccc1



(2CC2NcC2)[)2([CCC2CC2)[/2([)C([CCC2CC2)[/2([)C2[NCC2CC2)[/2([-C",[ 7.6428394  -0.04543998  4.0334845 ],"(11.084199999999987, 0.38074562151368907, 3.9933015540005936)"
277,"CCCCCc1cccccccccNccccCCCCCCCCCcccccccc1



(2C",[7.241227  0.3199507 2.0531673],"(11.084199999999987, 0.38074562151368907, 3.9933015540005936)"
278,"C=CCCc1cccccccccNccccCCCCCCCcccccccccc1



(2]CC=[/2([NC2[NCC2",[7.6194983  0.11977286 2.9851687 ],"(10.246099999999993, 0.39692973807000403, 4.231812588721986)"
279,"CCCCCc1cccccccccNcc=cCCCCCCCcccccccccc1



(2]CC=cC2([NC2[NC2=2CC2)/C2[NC2=NCC2oCC2)[)2[[CC(2CC2)[Co)[)C([-C2",[ 7.591674   -0.03882038  3.6602635 ],"(10.459099999999992, 0.31086314808139576, 4.346667081892367)"
280,"CCCCCc1cccccccccNcc=cCCCCCCCcccccccccc1



(2]CC=cC2([NC2[NC2=2CC2)/C2[NC2=NCC2oCC2)[)2[[CC(2CC2)[Co)[)",[ 7.574595   -0.04806224  3.7427003 ],"(10.459099999999992, 0.31086314808139576, 4.346667081892367)"
281,"C=CCCc1cccccccccNcc=cCCCCCCCcccccccccc1



(2CC2Nc/2cN)C([CC(2CC2N[/2([/C([NCC2CC2)[/2([",[7.7116928e+00 5.6769624e-03 3.8640838e+00],"(9.844999999999995, 0.32285403675857255, 4.5049052993891605)"
282,"C=CCCc1cccccccccNccccCCCCCCCcccccccccc1



(2]CC=[/2([NC2[NCC22CC2[/C[[NC2(NCC2)CC2[()[((CCCCCC2)[C2[[)C([CCCo2CC2",[ 7.8304653 -0.1012857  3.7245972],"(10.246099999999993, 0.39692973807000403, 4.231812588721986)"
283,"C=CCCc1cccccccccNcc=cCCCCCCCcccccccccc1



(2CC2Nc/2cN)C([CC(2CC2N[/2([/C([NCC2CC2)[/2([/[2[NCC2)CC)[/)[[(C22CCC2)CC2[(",[ 7.068608   -0.01166492  3.935707  ],"(9.844999999999995, 0.32285403675857255, 4.5049052993891605)"
284,"CCCCCc1cccccccccNcc=cCCCCCCCcccccccccc1



(2",[6.9631467  0.33185098 1.9900756 ],"(10.459099999999992, 0.31086314808139576, 4.346667081892367)"
285,"C=CCCc1cccccccccNcc=cCCCCCcccccccccccc1



",[6.5812907  0.35354355 1.7798911 ],"(9.620999999999997, 0.32433833791782335, 4.604304707673183)"
286,"C=CCCc1cccccccccNccccCCCCCCCcccccccccc1



(2]CC=[/2([NC2[NCC22CC2[/C[[NC2(NCC2)CC2[()[((CCCCCC2",[ 8.019904   -0.12292654  3.7669582 ],"(10.246099999999993, 0.39692973807000403, 4.231812588721986)"
287,"CCCCCc1cccccccccNccccCCCCCCCCCcccccccc1



(2CC2NcC2)[)2([CCC2CC2)[/2([)C([CCC2CC2)[/2(",[ 7.9592209e+00 -3.5618767e-03  4.1409640e+00],"(11.084199999999987, 0.38074562151368907, 3.9933015540005936)"
288,"C=CCCc1cccccccccNcc=cCCCCCcccccccccccc1



(=HC2=c/2([/C2[NC2=oC2N[/2([/C2[NCC=oCCs[/)2[NC2(2CC2oCC2)()2",[ 6.927081   -0.07280154  3.6360352 ],"(9.620999999999997, 0.32433833791782335, 4.604304707673183)"
289,"C=CCCc1cccccccccNccccCCCCCCCcccccccccc1



(2]CC=[/2([NC2[NCC22CC2[/C[[NC2(NCC2)CC2[()[((CCCCCC2)[C2[[)C([CCCo2",[ 7.804332   -0.09513041  3.7222424 ],"(10.246099999999993, 0.39692973807000403, 4.231812588721986)"
290,"CCCCCc1cccccccccNccccCCCCCCCCCcccccccc1



(2CC2NcC2)[)2([CCC2CC2)[/2([)C([CCC2CC2)[/2([)C2[",[ 7.8903036  -0.03414164  4.277762  ],"(11.084199999999987, 0.38074562151368907, 3.9933015540005936)"
291,"CCCCCc1cccccccccNccccCCCCCCCCCcccccccc1



(2CC2NcC2)[)2([CCC2CC2)[/",[7.9870343 0.0676721 3.5087595],"(11.084199999999987, 0.38074562151368907, 3.9933015540005936)"
292,"CCCCCc1cccccccccNcc=cCCCCCCCcccccccccc1



(2]CC=cC2([NC2[NC2=2CC2)/C2[NC2=NCC2",[7.736808   0.09893634 3.6118455 ],"(10.459099999999992, 0.31086314808139576, 4.346667081892367)"
293,CCCCCc1cccccccccNcc=cCCCCCCCcccccccccc1,[6.9501433  0.33890012 1.844026  ],"(10.459099999999992, 0.31086314808139576, 4.346667081892367)"
294,"C=CCCc1cccccccccNccccCCCCCCCcccccccccc1



(2]CC=[/2",[7.301955   0.18466479 2.4287589 ],"(10.246099999999993, 0.39692973807000403, 4.231812588721986)"
295,"CCCCCc1cccccccccNccccCCCCCCCCCcccccccc1



(2CC2N",[7.0948677 0.332839  2.2434561],"(11.084199999999987, 0.38074562151368907, 3.9933015540005936)"
296,"CCCCCc1cccccccccNcc=cCCCCCCCcccccccccc1



(2]CC=cC2([NC2[NC2=2CC2)/C2[NC2=NCC2oCC2)[)2[[CC(2CC2)[C",[ 7.193285   -0.01941416  3.6544695 ],"(10.459099999999992, 0.31086314808139576, 4.346667081892367)"
297,"C=CCCc1cccccccccNccccCCCCCCCcccccccccc1



(2]CC=[/2([NC2[NCC22CC2[/C[[NC2(NCC2)CC2[()[((C",[ 8.03387    -0.08178053  3.8070889 ],"(10.246099999999993, 0.39692973807000403, 4.231812588721986)"
298,"CCCCCc1cccccccccNcc=cCCCCCCCcccccccccc1



",[6.7660093  0.34819773 1.8984398 ],"(10.459099999999992, 0.31086314808139576, 4.346667081892367)"
299,"CCCCCc1cccccccccNccccCCCCCCCCCcccccccc1



(2CC2NcC2)[)2([CCC2CC2)[/2([)C([CCC2CC2)[/2([)C2[NCC2CC2)",[ 7.7172527  -0.05090817  4.077919  ],"(11.084199999999987, 0.38074562151368907, 3.9933015540005936)"
300,"C=CCCc1cccccccccNcc=cCCCCCcccccccccccc1



(=HC2=c/2([/C2[NC2=oC2N[/2([/C2[NCC=oCCs[/)2[NC2(2CC2oCC2)",[ 6.8183537  -0.08711246  3.5355294 ],"(9.620999999999997, 0.32433833791782335, 4.604304707673183)"
301,"CCCCCc1cccccccccNcc=cCCCCCCCcccccccccc1



(2]CC=",[7.309219   0.25801933 2.2195458 ],"(10.459099999999992, 0.31086314808139576, 4.346667081892367)"
302,"CCCCCc1cccccccccNcc=cCCCCCCCcccccccccc1



(2]CC=cC2([NC2[NC2=2CC2)/C2[NC2=NCC2oCC2)[)2[[CC(2CC2)[Co)[)C([-C",[ 7.6272135  -0.05038787  3.6879027 ],"(10.459099999999992, 0.31086314808139576, 4.346667081892367)"
303,"C=CCCc1cccccccccNccccCCCCCCCcccccccccc1



(2]",[7.220574   0.30489206 1.9400495 ],"(10.246099999999993, 0.39692973807000403, 4.231812588721986)"
304,"C=CCCc1cccccccccNcc=cCCCCCCCcccccccccc1



",[6.607528   0.33530232 1.9242524 ],"(9.844999999999995, 0.32285403675857255, 4.5049052993891605)"
305,"C=CCCc1cccccccccNcc=cCCCCCCCcccccccccc1



(2CC2Nc/2cN)C([CC(2CC2N[/2([/C([NCC2CC2)[/2([/[2[NCC2)CC)[/)[[(C22CC",[ 7.1895804  -0.04882021  3.9197772 ],"(9.844999999999995, 0.32285403675857255, 4.5049052993891605)"
306,"C=CCCc1cccccccccNcc=cCCCCCcccccccccccc1



(=HC2=c/2([/C2[NC2=oC2N[/2(",[7.0900764  0.06166156 3.0033474 ],"(9.620999999999997, 0.32433833791782335, 4.604304707673183)"
307,"CCCCCc1cccccccccNccccCCCCCCCCCcccccccc1



(2CC2",[7.3913546  0.27715346 2.2257297 ],"(11.084199999999987, 0.38074562151368907, 3.9933015540005936)"
308,C=CCCc1cccccccccNcc=cCCCCCcccccccccccc1,[6.7593117  0.35044214 1.7095126 ],"(9.620999999999997, 0.32433833791782335, 4.604304707673183)"
309,"CCCCCc1cccccccccNccccCCCCCCCCCcccccccc1



(2CC2NcC2)[)2([CCC2CC2)[/2([)C",[8.150474   0.04064292 3.7333806 ],"(11.084199999999987, 0.38074562151368907, 3.9933015540005936)"
310,"C=CCCc1cccccccccNcc=cCCCCCCCcccccccccc1



(2CC2Nc/2cN)C([CC(2CC2N[/2([/C([NCC2CC2)[/2([/[2[NCC2)CC)[/)",[ 7.408717   -0.07937739  3.8231595 ],"(9.844999999999995, 0.32285403675857255, 4.5049052993891605)"
311,"CCCCCc1cccccccccNccccCCCCCCCCCcccccccc1



(2CC2NcC2)[)2([CCC2CC2)[/2([)C([CCC2CC2)[/2([)C2[NCC2CC2)[/2([-C2[NCC))",[ 7.5760565  -0.03998076  4.071903  ],"(11.084199999999987, 0.38074562151368907, 3.9933015540005936)"
312,"C=CCCc1cccccccccNcc=cCCCCCCCcccccccccc1



(2CC2Nc/2c",[7.072965   0.20162722 2.2589943 ],"(9.844999999999995, 0.32285403675857255, 4.5049052993891605)"
313,"CCCCCc1cccccccccNcc=cCCCCCCCcccccccccc1



(2]CC=cC2([NC2[NC2=2CC2)/C2",[7.992248   0.08076271 3.0251331 ],"(10.459099999999992, 0.31086314808139576, 4.346667081892367)"
314,"C=CCCc1cccccccccNccccCCCCCCCcccccccccc1



(2]CC=[/2([NC2[NCC22CC2[/C[[NC2(NCC2)CC2[()[((CCCCCC2)[C2[[)C([CC",[ 7.8659163  -0.10153518  3.7181056 ],"(10.246099999999993, 0.39692973807000403, 4.231812588721986)"
315,"C=CCCc1cccccccccNccccCCCCCCCcccccccccc1



(2]CC=[/2([NC2[NCC22CC2[/C[[NC2(NCC2)CC2[()[(",[ 8.030712   -0.08182255  3.775954  ],"(10.246099999999993, 0.39692973807000403, 4.231812588721986)"
316,"C=CCCc1cccccccccNcc=cCCCCCcccccccccccc1



(=HC2=c/2([/C2[NC2=oC2N[/2([/C2[NCC=oCCs[/)2[NC2(2",[ 6.8367033  -0.06779741  3.6863093 ],"(9.620999999999997, 0.32433833791782335, 4.604304707673183)"
317,"C=CCCc1cccccccccNcc=cCCCCCCCcccccccccc1



(2CC2Nc/2cN)C([CC(2CC2N[/2([/C([NCC2CC2)[/2([/[2[NCC2)CC)[/)[[(C",[ 7.3112135  -0.07942345  3.948263  ],"(9.844999999999995, 0.32285403675857255, 4.5049052993891605)"
318,CCCCC,[2.1198678  0.42655578 2.4216323 ],"(2.1965000000000003, 0.4687855098011332, 1.699621281696647)"
319,"C=CCCc1cccccccccNcc=cCCCCCCCcccccccccc1



(2CC2Nc/2cN)C([CC(2CC2N[",[7.204901   0.14429381 2.9283707 ],"(9.844999999999995, 0.32285403675857255, 4.5049052993891605)"
320,"C=CCCc1cccccccccNcc=cCCCCCCCcccccccccc1

",[6.7096176  0.33460152 1.8857542 ],"(9.844999999999995, 0.32285403675857255, 4.5049052993891605)"
321,"C=CCCc1cccccccccNcc=cCCCCCCCcccccccccc1



(2CC2Nc/2cN)C([CC(2",[7.289789   0.16398856 2.6305401 ],"(9.844999999999995, 0.32285403675857255, 4.5049052993891605)"
322,"C=CCCc1cccccccccNcc=cCCCCCCCcccccccccc1



(2CC2Nc/2cN)C([CC(2CC2N[/2([/C([NCC2CC2)[/2([/[",[7.668571   0.02173969 4.003148  ],"(9.844999999999995, 0.32285403675857255, 4.5049052993891605)"
323,"C=CCCc1cccccccccNcc=cCCCCCCCcccccccccc1



(2CC2Nc/2cN)C([CC(2CC2N[/2([/C([NCC",[7.1033573  0.07059114 3.5078154 ],"(9.844999999999995, 0.32285403675857255, 4.5049052993891605)"
324,C=CC,[1.5014251  0.38535914 3.1509335 ],"(1.1923, 0.3570688167166915, 3.006787807865753)"
325,"C=CCCc1cccccccccNcc=cCCCCCCCcccccccccc1



(2CC2Nc/2cN)C([",[6.9600153  0.21082905 2.4366364 ],"(9.844999999999995, 0.32285403675857255, 4.5049052993891605)"
326,CCCC,[1.8602339  0.41799983 2.571436  ],"(1.8064, 0.4310243576713091, 1.605723046467979)"
327,"CCCCCc1cccccccccNcc=cCCCCCCCcccccccccc1



(2]CC=cC2([NC2[NC2=2CC2)/C2[NC2=NCC2oCC2)[)2[[CC(2CC2)[Co",[ 7.2368007  -0.02780185  3.6447284 ],"(10.459099999999992, 0.31086314808139576, 4.346667081892367)"
328,"C=CCCc1cccccccccNcc=cCCCCCcccccccccccc1



(=HC2=c/2([/C2[NC2=oC2N",[7.102359   0.07357135 2.6006174 ],"(9.620999999999997, 0.32433833791782335, 4.604304707673183)"
329,"CCCCCc1cccccccccNcc=cCCCCCCCcccccccccc1



(2]CC=cC2([NC2[NC2=2CC2)/C2[NC2=NCC2oCC2)[)2[",[7.290527   0.05709945 3.8816607 ],"(10.459099999999992, 0.31086314808139576, 4.346667081892367)"
330,"C=CCCc1cccccccccNcc=cCCCCCcccccccccccc1



(=HC2=c/2([/C2[NC2=oC2N[/2([/C2[NCC=oCCs[/)2[NC2(2CC2oCC2)()2(N",[ 6.860052   -0.05710507  3.7130733 ],"(9.620999999999997, 0.32433833791782335, 4.604304707673183)"
331,C=CCC,[1.7396342  0.40210554 2.9740195 ],"(1.5824, 0.39998668920534597, 2.7197692003141345)"
332,"C=CCCc1cccccccccNccccCCCCCCCcccccccccc1



(2]CC=[/2([NC2[NCC22CC2[/C[[NC2(NCC",[7.7438602e+00 7.6806918e-03 3.6609585e+00],"(10.246099999999993, 0.39692973807000403, 4.231812588721986)"
333,"CCCCCc1cccccccccNcc=cCCCCCCCcccccccccc1



(2]CC=cC2([NC2[NC2=2CC2)/C2[",[7.9061813  0.09860889 3.1023548 ],"(10.459099999999992, 0.31086314808139576, 4.346667081892367)"
334,"CCCCCc1cccccccccNccccCCCCCCCCCcccccccc1



(2CC2NcC2)[)2",[7.432669  0.2294308 2.7539592],"(11.084199999999987, 0.38074562151368907, 3.9933015540005936)"
335,"C=CCCc1cccccccccNcc=cCCCCCcccccccccccc1



(=HC2=c/2([/C2[NC2=oC2N[/2([/C2[NCC=oCCs[/)2[NC2(2CC2oCC2)()2(NC2(HNC2)[/2",[ 6.8480625 -0.0468035  3.7508078],"(9.620999999999997, 0.32433833791782335, 4.604304707673183)"
336,"CCCCCc1cccccccccNcc=cCCCCCCCcccccccccc1



(2]C",[7.1916237  0.29584375 2.0621736 ],"(10.459099999999992, 0.31086314808139576, 4.346667081892367)"
337,"C=CCCc1cccccccccNcc=cCCCCCcccccccccccc1



(=HC2=c/2([/C2[NC2=oC2N[",[7.179946   0.05034878 2.7037108 ],"(9.620999999999997, 0.32433833791782335, 4.604304707673183)"
338,C,[0.7823273  0.33602384 3.2397966 ],"(0.6361, 0.3597849378839701, 7.3284153846153846)"
339,"C=CCCc1cccccccccNcc=cCCCCCCCcccccccccc1



(2CC2Nc/2cN)C([CC(2CC2N[/2([/C([NCC2CC2)[/2([/[2[NCC2)CC)[/)[[(C22CCC2)",[ 7.1740007  -0.04491556  3.9139626 ],"(9.844999999999995, 0.32285403675857255, 4.5049052993891605)"
340,"C=CCCc1cccccccccNccccCCCCCCCcccccccccc1



(2]CC=[/2([NC2[NCC22CC2[/C",[7.8982220e+00 6.1026886e-03 3.2416196e+00],"(10.246099999999993, 0.39692973807000403, 4.231812588721986)"
341,"C=CCCc1cccccccccNcc=cCCCCCcccccccccccc1



(=HC2=c/2([/C2[NC2=oC2N[/2([/C2[NCC=oCCs[/)2",[ 7.072802   -0.04573835  3.6687713 ],"(9.620999999999997, 0.32433833791782335, 4.604304707673183)"
342,"CCCCCc1cccccccccNccccCCCCCCCCCcccccccc1



",[7.0011096 0.3521373 1.925281 ],"(11.084199999999987, 0.38074562151368907, 3.9933015540005936)"
343,"C=CCCc1cccccccccNcc=cCCCCCcccccccccccc1



(=HC2=c/2([/C2[NC2=oC2N[/2([/C2[NCC=",[6.777008   0.03647409 3.4965713 ],"(9.620999999999997, 0.32433833791782335, 4.604304707673183)"
344,"C=CCCc1cccccccccNccccCCCCCCCcccccccccc1



(2]CC=[/2([NC2[NCC22",[7.776535   0.09141394 2.9586947 ],"(10.246099999999993, 0.39692973807000403, 4.231812588721986)"
345,"C=CCCc1cccccccccNcc=cCCCCCCCcccccccccc1



(2CC2Nc/2cN)C([CC(2CC2N[/2([/C([NCC2CC2)[/2([/[2[NCC2)CC)[/)[[(C22CCC2)CC2",[ 7.113715   -0.02688093  3.8935127 ],"(9.844999999999995, 0.32285403675857255, 4.5049052993891605)"
346,"CCCCCc1cccccccccNccccCCCCCCCCCcccccccc1



(2CC2NcC2)[)2([CCC2CC2",[8.043047   0.08149695 3.2870657 ],"(11.084199999999987, 0.38074562151368907, 3.9933015540005936)"
347,"CCCCCc1cccccccccNcc=cCCCCCCCcccccccccc1



(2]CC=cC2([NC2[NC2=2CC2",[7.8268986 0.1031123 2.9683332],"(10.459099999999992, 0.31086314808139576, 4.346667081892367)"
348,"CCCCCc1cccccccccNccccCCCCCCCCCcccccccc1



(2CC2NcC2)[)2([CCC2CC2)[/2([)C([CCC2CC2)[/2([)C2[NCC2CC2)[/2",[ 7.7992477  -0.04953968  4.0521207 ],"(11.084199999999987, 0.38074562151368907, 3.9933015540005936)"
349,"C=CCCc1cccccccccNcc=cCCCCCCCcccccccccc1



(2CC2Nc/2cN)C([CC(2CC2N[/2([/C([NCC2CC2)[/2([/[2",[ 7.81908    -0.03848974  3.7365396 ],"(9.844999999999995, 0.32285403675857255, 4.5049052993891605)"
350,"C=CCCc1cccccccccNcc=cCCCCCcccccccccccc1



(=HC2=c/2([/C2[NC2=oC2N[/2([/C2[NCC=oCCs[/)2[NC2(2CC2oCC",[ 6.773987   -0.08300359  3.5912817 ],"(9.620999999999997, 0.32433833791782335, 4.604304707673183)"
351,"C=CCCc1cccccccccNccccCCCCCCCcccccccccc1



(2]CC=[/2([NC2[NCC22CC2[/C[[NC2(NCC2)CC2[()[((CCCCCC2)[C2[[)C([",[ 7.8679028  -0.10093067  3.7073019 ],"(10.246099999999993, 0.39692973807000403, 4.231812588721986)"
352,"C=CCCc1cccccccccNcc=cCCCCCCCcccccccccc1



(2C",[6.8876715  0.30122152 2.055222  ],"(9.844999999999995, 0.32285403675857255, 4.5049052993891605)"
353,"C=CCCc1cccccccccNccccCCCCCCCcccccccccc1



(2]CC=[/2([NC2[NCC22CC2[/C[[N",[ 7.7514687  -0.01156352  3.2000499 ],"(10.246099999999993, 0.39692973807000403, 4.231812588721986)"
354,"C=CCCc1cccccccccNcc=cCCCCCCCcccccccccc1



(2CC2Nc/2cN)C([CC(2CC2N[/2([/C([NCC2",[7.1767683  0.07093791 3.7086244 ],"(9.844999999999995, 0.32285403675857255, 4.5049052993891605)"
355,"C=CCCc1cccccccccNcc=cCCCCCCCcccccccccc1



(2CC2",[7.1010647  0.24809352 2.2120454 ],"(9.844999999999995, 0.32285403675857255, 4.5049052993891605)"
356,"CCCCCc1cccccccccNcc=cCCCCCCCcccccccccc1



(2]CC=cC2([NC2[NC2=2CC2)/C2[NC2=NCC2oCC2)[)2[[CC(2CC",[ 7.4478483  -0.05846602  3.717095  ],"(10.459099999999992, 0.31086314808139576, 4.346667081892367)"
357,"CCCCCc1cccccccccNccccCCCCCCCCCcccccccc1
",[7.1542478 0.3452939 1.8850464],"(11.084199999999987, 0.38074562151368907, 3.9933015540005936)"
358,"C=CCCc1cccccccccNcc=cCCCCCCCcccccccccc1



(2CC2Nc/2cN)",[6.8404946  0.23996615 2.1678073 ],"(9.844999999999995, 0.32285403675857255, 4.5049052993891605)"
359,"C=CCCc1cccccccccNcc=cCCCCCcccccccccccc1



(=HC2=c/2([/C2[NC2=oC2N[/2([/C2[",[6.9899435  0.03822108 3.3519032 ],"(9.620999999999997, 0.32433833791782335, 4.604304707673183)"
360,"C=CCCc1cccccccccNcc=cCCCCCcccccccccccc1



(=HC2=c/2([/C2[NC2=oC2N[/2([/C2[NCC=oCCs[/)2[",[ 7.0699625 -0.0652071  3.7030618],"(9.620999999999997, 0.32433833791782335, 4.604304707673183)"
361,"C=CCCc1cccccccccNccccCCCCCCCcccccccccc1



(2]CC=[/2([NC2[NCC22CC2[/C[[NC2(NCC2)CC2[()[((CCCCCC2)[C",[ 7.75951    -0.08511216  3.6809776 ],"(10.246099999999993, 0.39692973807000403, 4.231812588721986)"
362,"C=CCCc1cccccccccNccccCCCCCCCcccccccccc1



(2]CC=[/2([NC2[NCC22CC2[/C[[NC",[ 7.8099184  -0.01314157  3.3254426 ],"(10.246099999999993, 0.39692973807000403, 4.231812588721986)"
363,"CCCCCc1cccccccccNcc=cCCCCCCCcccccccccc1



(2]CC=cC2([NC2[NC2=2CC2)/C2[NC2=NCC2oCC2)[)2[[C",[7.304347   0.03521615 3.7689228 ],"(10.459099999999992, 0.31086314808139576, 4.346667081892367)"
364,"CCCCCc1cccccccccNccccCCCCCCCCCcccccccc1



(2CC2NcC2)[)2([CCC2CC2)[/2([)C([CCC2CC2)[/2([)C2[NCC2CC2)[/2([-C2[NC",[ 7.564063   -0.03777938  4.0796385 ],"(11.084199999999987, 0.38074562151368907, 3.9933015540005936)"
365,"C=CCCc1cccccccccNcc=cCCCCCcccccccccccc1



(=HC2",[6.508527  0.2581153 2.00982  ],"(9.620999999999997, 0.32433833791782335, 4.604304707673183)"
366,"C=CCCc1cccccccccNcc=cCCCCCCCcccccccccc1



(2CC2Nc/2cN)C([CC(2CC2N[/2([/C([NCC2CC2)[/2([/",[7.729682   0.03398012 3.8541024 ],"(9.844999999999995, 0.32285403675857255, 4.5049052993891605)"
367,"CCCCCc1cccccccccNccccCCCCCCCCCcccccccc1



(2CC2NcC2)[)2([CCC2CC2)[/2(",[7.9024944  0.05492073 3.608634  ],"(11.084199999999987, 0.38074562151368907, 3.9933015540005936)"
368,"C=CCCc1cccccccccNcc=cCCCCCcccccccccccc1



(=HC2=c/2([/",[6.966812   0.15039837 2.2945035 ],"(9.620999999999997, 0.32433833791782335, 4.604304707673183)"
369,"CCCCCc1cccccccccNcc=cCCCCCCCcccccccccc1



(2]CC=cC2([NC2[NC2=2CC2)/C2[NC2=NCC2oCC2)[)2[[CC(2CC2)[",[ 7.234584   -0.02591161  3.6587703 ],"(10.459099999999992, 0.31086314808139576, 4.346667081892367)"
370,"C=CCCc1cccccccccNcc=cCCCCCcccccccccccc1



(=HC2=c/2([/C2[NC2=oC2N[/2([/C2[NCC=oCCs[/)2[NC2(2C",[ 6.8623757  -0.06641284  3.6960843 ],"(9.620999999999997, 0.32433833791782335, 4.604304707673183)"
371,"CCCCCc1cccccccccNcc=cCCCCCCCcccccccccc1



(2]CC=cC2([NC2[NC2=2CC2)/C2[NC2=NCC2oCC2)[)2[[CC(2CC2)[Co)[)C([-C2C2C",[ 7.539421   -0.03006586  3.6494296 ],"(10.459099999999992, 0.31086314808139576, 4.346667081892367)"
372,"C=CCCc1cccccccccNccccCCCCCCCcccccccccc1



(2]CC=[/2([NC2[NCC22CC2[/C[[NC2(NCC2)CC2[()[((",[ 8.017212   -0.07568461  3.773911  ],"(10.246099999999993, 0.39692973807000403, 4.231812588721986)"
373,"C=CCCc1cccccccccNcc=cCCCCCCCcccccccccc1



(2CC",[6.9784036  0.27434933 2.1343508 ],"(9.844999999999995, 0.32285403675857255, 4.5049052993891605)"
374,"C=CCCc1cccccccccNccccCCCCCCCcccccccccc1



",[6.868457   0.33468047 1.8648345 ],"(10.246099999999993, 0.39692973807000403, 4.231812588721986)"
375,"C=CCCc1cccccccccNcc=cCCCCCCCcccccccccc1



(2CC2Nc/2cN)C([CC",[7.0912957  0.19842651 2.6259248 ],"(9.844999999999995, 0.32285403675857255, 4.5049052993891605)"
376,"CCCCCc1cccccccccNccccCCCCCCCCCcccccccc1



(2CC2NcC2)[)2([CCC2CC2)[/2([)C([CCC2CC2)[/2([)C2[NCC2CC2)[/2([-",[ 7.6591253  -0.04513242  4.0320997 ],"(11.084199999999987, 0.38074562151368907, 3.9933015540005936)"
377,"CCCCCc1cccccccccNccccCCCCCCCCCcccccccc1



(2CC2NcC2)[)2([CCC2CC2)[/2([)C([CCC2CC",[8.152036   0.02659094 4.0272317 ],"(11.084199999999987, 0.38074562151368907, 3.9933015540005936)"
378,"CCCCCc1cccccccccNccccCCCCCCCCCcccccccc1



(2CC2NcC2)[)2([C",[7.5804443  0.19424918 3.0759017 ],"(11.084199999999987, 0.38074562151368907, 3.9933015540005936)"
379,"C=CCCc1cccccccccNcc=cCCCCCcccccccccccc1



(=HC2=c/2([/C2[NC2=oC2N[/2([/C2[NCC=oCCs[/",[ 7.123478   -0.06182692  3.7474153 ],"(9.620999999999997, 0.32433833791782335, 4.604304707673183)"
380,"C=CCCc1cccccccccNcc=cCCCCCcccccccccccc1



(",[6.6212845  0.35723957 1.7566234 ],"(9.620999999999997, 0.32433833791782335, 4.604304707673183)"
381,"C=CCCc1cccccccccNcc=cCCCCCcccccccccccc1



(=HC2=c/2([/C2[NC2=oC2N[/2([/C2[NCC=oCCs[/)2[NC2(2CC2oCC2)()2(NC2(HNC2",[ 6.8802967  -0.05864901  3.745807  ],"(9.620999999999997, 0.32433833791782335, 4.604304707673183)"
382,"C=CCCc1cccccccccNccccCCCCCCCcccccccccc1



(2]CC=[/2([NC2[NCC22CC2[/C[[NC2(NCC2)CC2[()",[ 8.055137   -0.05437803  3.6704206 ],"(10.246099999999993, 0.39692973807000403, 4.231812588721986)"
383,"C=CCCc1cccccccccNccccCCCCCCCcccccccccc1



(2]CC=[/2([NC2[NCC22CC2[/C[[NC2(NCC2)CC2[()[((CCCCCC2)[C2[[)C([C",[ 7.8552895  -0.10007087  3.7150033 ],"(10.246099999999993, 0.39692973807000403, 4.231812588721986)"
384,"CCCCCc1cccccccccNcc=cCCCCCCCcccccccccc1



(2]CC=cC2([NC2[NC2=2CC2)/C2[NC2=NCC2oCC2)[)2[[",[7.278409   0.04305705 3.745062  ],"(10.459099999999992, 0.31086314808139576, 4.346667081892367)"
385,"CCCCCc1cccccccccNccccCCCCCCCCCcccccccc1



(2CC2NcC2)[)",[7.4269786  0.25861892 2.6509604 ],"(11.084199999999987, 0.38074562151368907, 3.9933015540005936)"
386,"C=CCCc1cccccccccNccccCCCCCCCcccccccccc1



(2]CC=[/2([NC2[NCC22CC2[/C[[NC2(NCC2)CC2[()[((CCCCCC2)[C2[[)C([CCCo2CC2)/",[ 7.7853866  -0.09560559  3.7117338 ],"(10.246099999999993, 0.39692973807000403, 4.231812588721986)"
387,"CCCCCc1cccccccccNcc=cCCCCCCCcccccccccc1

",[6.872694  0.3414099 1.8735307],"(10.459099999999992, 0.31086314808139576, 4.346667081892367)"
388,"CCCCCc1cccccccccNccccCCCCCCCCCcccccccc1



(2CC2NcC2)[)2([CCC2CC2)[/2([)C([CCC2CC2)[/2([",[ 7.9183874  -0.01216377  4.113711  ],"(11.084199999999987, 0.38074562151368907, 3.9933015540005936)"
389,"CCCCCc1cccccccccNccccCCCCCCCCCcccccccc1



(",[7.057268   0.35453823 1.9244335 ],"(11.084199999999987, 0.38074562151368907, 3.9933015540005936)"
390,"C=CCCc1cccccccccNcc=cCCCCCCCcccccccccc1



(2CC2Nc/2cN)C([CC(2CC2N[/2([/C([NCC2CC2)[/2",[7.6571894  0.02433532 3.7395232 ],"(9.844999999999995, 0.32285403675857255, 4.5049052993891605)"
391,"C=CCCc1cccccccccNcc=cCCCCCCCcccccccccc1



(2CC2Nc/2cN)C([CC(2CC",[7.404863   0.14303756 2.6939065 ],"(9.844999999999995, 0.32285403675857255, 4.5049052993891605)"
392,"CCCCCc1cccccccccNcc=cCCCCCCCcccccccccc1



(2]CC=cC2([NC2[NC2",[7.4799976  0.17357469 2.8837063 ],"(10.459099999999992, 0.31086314808139576, 4.346667081892367)"
393,"C=CCCc1cccccccccNccccCCCCCCCcccccccccc1



(2]CC=[/2([NC2[NCC22CC2[/C[[NC2(NCC2)CC2[()[((CCCC",[ 8.09421    -0.08025523  3.846287  ],"(10.246099999999993, 0.39692973807000403, 4.231812588721986)"
394,"CCCCCc1cccccccccNcc=cCCCCCCCcccccccccc1



(",[6.828616   0.34936893 1.8989702 ],"(10.459099999999992, 0.31086314808139576, 4.346667081892367)"
395,"C=CCCc1cccccccccNcc=cCCCCCCCcccccccccc1



(2CC2Nc/2cN)C([C",[7.006248   0.20496494 2.5222235 ],"(9.844999999999995, 0.32285403675857255, 4.5049052993891605)"
396,"C=CCCc1cccccccccNcc=cCCCCCcccccccccccc1

",[6.675315   0.35110375 1.7457486 ],"(9.620999999999997, 0.32433833791782335, 4.604304707673183)"
397,"C=CCCc1cccccccccNccccCCCCCCCcccccccccc1



(2]CC=[/2([NC2[NCC22CC2[/C[[NC2",[7.753140e+00 6.799735e-03 3.405322e+00],"(10.246099999999993, 0.39692973807000403, 4.231812588721986)"
398,"CCCCCc1cccccccccNcc=cCCCCCCCcccccccccc1



(2]CC=cC2([NC2[NC2=2CC2)/C2[NC2=NCC2oCC2)[)2[[CC(2CC2)[Co)[)C([-C2C2CCN[/o",[ 7.511793   -0.02276187  3.65669   ],"(10.459099999999992, 0.31086314808139576, 4.346667081892367)"
399,"CCCCCc1cccccccccNccccCCCCCCCCCcccccccc1



(2CC2NcC2)[)2([CCC2CC2)[/2([)C([CCC2CC2)[/2([)C2[NC",[ 7.7758536  -0.03406725  4.133892  ],"(11.084199999999987, 0.38074562151368907, 3.9933015540005936)"
400,"C=CCCc1cccccccccNccccCCCCCCCcccccccccc1



(2]CC=[/2([NC2[NCC",[7.388413   0.15961924 2.9638884 ],"(10.246099999999993, 0.39692973807000403, 4.231812588721986)"
401,"CCCCCc1cccccccccNcc=cCCCCCCCcccccccccc1



(2]CC=cC2([N",[7.2128277  0.25050616 2.362255  ],"(10.459099999999992, 0.31086314808139576, 4.346667081892367)"
402,"C=CCCc1cccccccccNccccCCCCCCCcccccccccc1



(2]CC=[/2([NC2[NCC22CC2[/C[[NC2(NCC2)CC2[",[ 8.042276   -0.05557758  3.710351  ],"(10.246099999999993, 0.39692973807000403, 4.231812588721986)"
403,"C=CCCc1cccccccccNccccCCCCCCCcccccccccc1



(2",[7.0752935 0.3175964 1.9377079],"(10.246099999999993, 0.39692973807000403, 4.231812588721986)"
404,"C=CCCc1cccccccccNcc=cCCCCCCCcccccccccc1



(2CC2Nc/2cN)C([CC(2CC2N[/2([/C([NCC2CC2)[/",[7.7688699e+00 6.1264113e-03 3.7493751e+00],"(9.844999999999995, 0.32285403675857255, 4.5049052993891605)"
405,"C=CCCc1cccccccccNcc=cCCCCCcccccccccccc1



(=HC2=c/2([/C2[NC2=oC2N[/2([/C",[7.043621   0.04516756 3.0356512 ],"(9.620999999999997, 0.32433833791782335, 4.604304707673183)"
406,"C=CCCc1cccccccccNcc=cCCCCCcccccccccccc1



(=HC2=c/2([/C2[NC2=oC2N[/2([/C2[NCC",[6.7716494  0.05782432 3.4924798 ],"(9.620999999999997, 0.32433833791782335, 4.604304707673183)"
407,"CCCCCc1cccccccccNccccCCCCCCCCCcccccccc1



(2CC2NcC2)[)2([",[7.5131254 0.2021296 3.0461607],"(11.084199999999987, 0.38074562151368907, 3.9933015540005936)"
408,"CCCCCc1cccccccccNcc=cCCCCCCCcccccccccc1



(2]CC",[7.263559   0.27712092 2.11485   ],"(10.459099999999992, 0.31086314808139576, 4.346667081892367)"
409,"C=CCCc1cccccccccNccccCCCCCCCcccccccccc1


",[6.917351  0.3343883 1.8441104],"(10.246099999999993, 0.39692973807000403, 4.231812588721986)"
410,"C=CCCc1cccccccccNcc=cCCCCCCCcccccccccc1



(2CC2Nc/2cN)C([CC(2CC2N[/2([/C([NCC2CC2)[/2([/[2[NCC2)CC)[/)[[",[ 7.317689   -0.08422974  3.9301221 ],"(9.844999999999995, 0.32285403675857255, 4.5049052993891605)"
411,"CCCCCc1cccccccccNccccCCCCCCCCCcccccccc1



(2CC2NcC2)[)2([CCC2CC2)[/2([)C([CCC2CC2)[/2([)C2[NCC2CC2)[/2([-C2[NCC))CC)[/",[ 7.534761   -0.03264544  4.1342235 ],"(11.084199999999987, 0.38074562151368907, 3.9933015540005936)"
412,"CCCCCc1cccccccccNccccCCCCCCCCCcccccccc1



(2CC",[7.3307333  0.30219397 2.1087449 ],"(11.084199999999987, 0.38074562151368907, 3.9933015540005936)"
